{"schemaVersion":"1.0","appDefinitionTemplate":{"id":"/providers/Microsoft.PowerApps/apps/","type":"Microsoft.PowerApps/apps","tags":{"primaryDeviceWidth":"1366","primaryDeviceHeight":"768","supportsPortrait":"true","supportsLandscape":"true","primaryFormFactor":"Tablet","publisherVersion":"3.23052.29","minimumRequiredApiVersion":"2.2.0","hasComponent":"false","hasUnlockedComponent":"false","isUnifiedRootApp":"false","sienaVersion":"20230529T035614Z-3.23052.29.0"},"properties":{"appVersion":"2023-05-29T03:56:14Z","lifeCycleId":"Published","createdByClientVersion":{"major":3,"minor":23052,"build":29,"revision":0,"majorRevision":0,"minorRevision":0},"minClientVersion":{"major":3,"minor":23052,"build":29,"revision":0,"majorRevision":0,"minorRevision":0},"backgroundColor":"rgba(255, 255, 255, 1)","backgroundImageUri":"/887438609090227410/Naaee8f5f-2ab3-4753-b634-906b99e0a699-logoSmallFile","displayName":"My Power Platform","description":"An easy way to sort and filter your apps and flows across environments.\nDoes not include Power Virtual Agents or Power BI content (yet).\nBuilt by Loryan Strant","commitMessage":"","appUris":{"documentUri":{"value":"/887438609090227410/Ne84eb831-4bef-4d75-9ca1-1a171d92cde5-document.msapp"},"imageUris":[],"additionalUris":[]},"createdTime":"0001-01-01T00:00:00Z","lastModifiedTime":"0001-01-01T00:00:00Z","sharedGroupsCount":0,"sharedUsersCount":0,"connectionReferences":{"11c9b8c3-21a1-4701-a59e-1e1c78c709ce":{"id":"f653100b-0210-4301-9d5e-963d2cc7d7f3","displayName":"SharePoint","iconUri":"https://connectoricons-prod.azureedge.net/releases/v1.0.1627/1.0.1627.3238/sharepointonline/icon.png","dataSources":["MyPowerPlatform"],"dependencies":[],"dependents":[],"parameterHints":{},"parameterHintsV2":{},"isOnPremiseConnection":false,"bypassConsent":false,"dataSets":{"https://rapidcircle1com-my.sharepoint.com/personal/loryan_strant_rapidcircle_com":{"dataSources":{"MyPowerPlatform":{"tableName":"c11ff018-c7d4-405f-86d6-9416321b99a4"}}}},"apiTier":"Standard","isCustomApiConnection":false,"actions":["providers/PowerPlatform.Governance/Operations/Read"]}},"databaseReferences":{},"almMode":"Solution","performanceOptimizationEnabled":true,"canConsumeAppPass":true,"enableModernRuntimeMode":false,"executionRestrictions":{"isTeamsOnly":false,"dataLossPreventionEvaluationResult":{"status":"Compliant","lastEvaluationDate":"2023-01-18T22:03:39.2907971Z","violations":[],"violationsByPolicy":[],"violationErrorMessage":"The app uses the following connectors: shared_sharepointonline."}}},"appType":"ClassicCanvasApp","appComponents":[]}}