{"schemaVersion":"1.0","appDefinitionTemplate":{"id":"/providers/Microsoft.PowerApps/apps/","type":"Microsoft.PowerApps/apps","tags":{"primaryDeviceWidth":"1366","primaryDeviceHeight":"768","supportsPortrait":"true","supportsLandscape":"true","primaryFormFactor":"Tablet","publisherVersion":"3.22063.13","minimumRequiredApiVersion":"2.2.0","hasComponent":"false","hasUnlockedComponent":"false","isUnifiedRootApp":"false","sienaVersion":"20220703T035139Z-3.22063.13.0"},"properties":{"appVersion":"2022-07-03T03:51:39Z","lifeCycleId":"Published","createdByClientVersion":{"major":3,"minor":22063,"build":13,"revision":0,"majorRevision":0,"minorRevision":0},"minClientVersion":{"major":3,"minor":22063,"build":13,"revision":0,"majorRevision":0,"minorRevision":0},"backgroundColor":"RGBA(0,176,240,1)","backgroundImageUri":"/10584776973548576696/N7a3ab521-797e-4bb9-920b-9387cf4c16b3-logoSmallFile","displayName":"MVP Renewal Checker","description":"Checks your inbox every minute to see if you have received an email from Microsoft informing you of your MVP renewal.\nCreated in jest by Loryan Strant.","commitMessage":"","appUris":{"documentUri":{"value":"/10584776973548576696/N6bd37191-4a3d-449a-9185-c161426f6d08-document.msapp"},"imageUris":[]},"createdTime":"0001-01-01T00:00:00Z","lastModifiedTime":"0001-01-01T00:00:00Z","sharedGroupsCount":0,"sharedUsersCount":0,"icons":{"smallIconUri":"/10584776973548576696/N558bd121-c5bb-4046-be4a-f04f36b5cd71-small.png","mediumIconUri":"/10584776973548576696/N726054ba-ee87-4cea-a690-2286641f7e49-medium.png","largeIconUri":"/10584776973548576696/N5b8e24c5-4b26-4d1c-90e0-68411a62b926-large.png","wideIconUri":"/10584776973548576696/N1e391984-cff0-4ca3-b413-c32b8ce24318-wide.png"},"connectionReferences":{"27353660-44f5-4ce2-ab40-0cc91e3e6899":{"id":"50f63ecd-d983-43ca-8118-d6686e25283c","displayName":"Office 365 Outlook","iconUri":"https://connectoricons-prod.azureedge.net/releases/v1.0.1580/1.0.1580.2838/office365/icon.png","dataSources":["Office365Outlook"],"dependencies":[],"dependents":[],"parameterHints":{},"parameterHintsV2":{},"isOnPremiseConnection":false,"bypassConsent":false,"dataSets":{},"apiTier":"Standard","isCustomApiConnection":false,"actions":["GetEmailsV3"]}},"databaseReferences":{},"almMode":"Environment","performanceOptimizationEnabled":true,"canConsumeAppPass":true,"executionRestrictions":{"isTeamsOnly":false,"dataLossPreventionEvaluationResult":{"status":"Compliant","lastEvaluationDate":"2022-07-03T02:14:12.4177419Z","violations":[],"violationsByPolicy":[],"violationErrorMessage":"The app uses the following connectors: shared_office365."}}},"appType":"ClassicCanvasApp","appComponents":[]}}