{
  "properties": {
    "connectionReferences": {
      "shared_sharepointonline_1": {
        "runtimeSource": "embedded",
        "connection": {
          "connectionReferenceLogicalName": "ls_sharedsharepointonline_ee336"
        },
        "api": {
          "name": "shared_sharepointonline"
        }
      },
      "shared_flowmanagement_1": {
        "runtimeSource": "embedded",
        "connection": {
          "connectionReferenceLogicalName": "ls_sharedflowmanagement_e987c"
        },
        "api": {
          "name": "shared_flowmanagement"
        }
      },
      "shared_powerappsforappmakers_1": {
        "runtimeSource": "embedded",
        "connection": {
          "connectionReferenceLogicalName": "ls_sharedpowerappsforappmakers_c2cdc"
        },
        "api": {
          "name": "shared_powerappsforappmakers"
        }
      },
      "shared_office365users_1": {
        "runtimeSource": "embedded",
        "connection": {
          "connectionReferenceLogicalName": "ls_sharedoffice365users_1481e"
        },
        "api": {
          "name": "shared_office365users"
        }
      }
    },
    "definition": {
      "$schema": "https://schema.management.azure.com/providers/Microsoft.Logic/schemas/2016-06-01/workflowdefinition.json#",
      "contentVersion": "1.0.0.0",
      "parameters": {
        "$connections": {
          "defaultValue": {},
          "type": "Object"
        },
        "$authentication": {
          "defaultValue": {},
          "type": "SecureObject"
        }
      },
      "triggers": {
        "Recurrence": {
          "recurrence": {
            "frequency": "Day",
            "interval": 1,
            "timeZone": "AUS Eastern Standard Time",
            "schedule": {
              "hours": [
                "1"
              ],
              "minutes": [
                0
              ]
            }
          },
          "metadata": {
            "operationMetadataId": "0f86b217-a0dd-433b-a42f-2020d2881696"
          },
          "type": "Recurrence"
        }
      },
      "actions": {
        "Scope_-_remove_existing_items": {
          "actions": {
            "Get_items": {
              "runAfter": {},
              "metadata": {
                "operationMetadataId": "0351b276-0b4f-4403-9423-b65ff9e46966"
              },
              "type": "OpenApiConnection",
              "inputs": {
                "host": {
                  "connectionName": "shared_sharepointonline_1",
                  "operationId": "GetItems",
                  "apiId": "/providers/Microsoft.PowerApps/apis/shared_sharepointonline"
                },
                "parameters": {
                  "dataset": "@variables('SiteURL')",
                  "table": "@variables('ListName')"
                },
                "authentication": "@parameters('$authentication')"
              },
              "runtimeConfiguration": {
                "paginationPolicy": {
                  "minimumItemCount": 5000
                }
              }
            },
            "Apply_to_each_-_delete_each_item": {
              "foreach": "@outputs('Get_items')?['body/value']",
              "actions": {
                "Delete_item": {
                  "runAfter": {},
                  "metadata": {
                    "operationMetadataId": "924799b3-172c-4e46-9439-0a46f44a9418"
                  },
                  "type": "OpenApiConnection",
                  "inputs": {
                    "host": {
                      "connectionName": "shared_sharepointonline_1",
                      "operationId": "DeleteItem",
                      "apiId": "/providers/Microsoft.PowerApps/apis/shared_sharepointonline"
                    },
                    "parameters": {
                      "dataset": "@variables('SiteURL')",
                      "table": "@variables('ListName')",
                      "id": "@items('Apply_to_each_-_delete_each_item')?['ID']"
                    },
                    "authentication": "@parameters('$authentication')"
                  }
                }
              },
              "runAfter": {
                "Get_items": [
                  "Succeeded"
                ]
              },
              "metadata": {
                "operationMetadataId": "38f114f2-3844-45e6-b161-c67589e789e4"
              },
              "type": "Foreach",
              "runtimeConfiguration": {
                "concurrency": {
                  "repetitions": 50
                }
              }
            }
          },
          "runAfter": {
            "Get_my_profile_(V2)": [
              "Succeeded"
            ]
          },
          "metadata": {
            "operationMetadataId": "a20df7c7-4508-485d-957d-ed340f68c659"
          },
          "type": "Scope"
        },
        "Scope_-_get_all_my_Flows": {
          "actions": {
            "List_My_Environments": {
              "runAfter": {},
              "metadata": {
                "operationMetadataId": "a9641c1f-f18f-4827-b6bf-f281a67b379e"
              },
              "type": "OpenApiConnection",
              "inputs": {
                "host": {
                  "connectionName": "shared_flowmanagement_1",
                  "operationId": "ListUserEnvironments",
                  "apiId": "/providers/Microsoft.PowerApps/apis/shared_flowmanagement"
                },
                "parameters": {},
                "authentication": "@parameters('$authentication')"
              }
            },
            "Apply_to_each_-_environment": {
              "foreach": "@outputs('List_My_Environments')?['body/value']",
              "actions": {
                "List_My_Flows": {
                  "runAfter": {},
                  "metadata": {
                    "operationMetadataId": "e59520db-92c4-42e6-b053-fcc38f4fdb85"
                  },
                  "type": "OpenApiConnection",
                  "inputs": {
                    "host": {
                      "connectionName": "shared_flowmanagement_1",
                      "operationId": "ListMyFlows",
                      "apiId": "/providers/Microsoft.PowerApps/apis/shared_flowmanagement"
                    },
                    "parameters": {
                      "environmentName": "@items('Apply_to_each_-_environment')?['name']"
                    },
                    "authentication": "@parameters('$authentication')"
                  },
                  "runtimeConfiguration": {
                    "paginationPolicy": {
                      "minimumItemCount": 5000
                    }
                  }
                },
                "Condition_-_if_there_are_any_items": {
                  "actions": {
                    "Apply_to_each_-_flow": {
                      "foreach": "@outputs('List_My_Flows')?['body/value']",
                      "actions": {
                        "Create_item_-_Flow": {
                          "runAfter": {},
                          "metadata": {
                            "operationMetadataId": "8bec1ec6-fb87-44a9-aba4-e81e334ee29b"
                          },
                          "type": "OpenApiConnection",
                          "inputs": {
                            "host": {
                              "connectionName": "shared_sharepointonline_1",
                              "operationId": "PostItem",
                              "apiId": "/providers/Microsoft.PowerApps/apis/shared_sharepointonline"
                            },
                            "parameters": {
                              "dataset": "@variables('SiteURL')",
                              "table": "@variables('ListName')",
                              "item": {
                                "Title": "@{items('Apply_to_each_-_flow')?['name']}",
                                "ObjectName": "@{items('Apply_to_each_-_flow')?['properties/displayName']}",
                                "ObjectCreated": "@{items('Apply_to_each_-_flow')?['properties/createdTime']}",
                                "ObjectModified": "@{items('Apply_to_each_-_flow')?['properties/lastModifiedTime']}",
                                "ObjectLink": "@{replace(item()?['id'], '/providers/Microsoft.Flow', 'http://make.powerautomate.com')}/details",
                                "ObjectType": "Flow",
                                "EnvironmentName": "@{items('Apply_to_each_-_environment')?['properties/displayName']}"
                              }
                            },
                            "authentication": "@parameters('$authentication')"
                          }
                        }
                      },
                      "runAfter": {},
                      "metadata": {
                        "operationMetadataId": "73594e19-c835-40e5-94bd-6de7364a7a63"
                      },
                      "type": "Foreach"
                    }
                  },
                  "runAfter": {
                    "List_My_Flows": [
                      "Succeeded"
                    ]
                  },
                  "expression": {
                    "greater": [
                      "@length(outputs('List_My_Flows')?['body/value'])",
                      0
                    ]
                  },
                  "metadata": {
                    "operationMetadataId": "62772e2f-b2c3-4fe4-bf0c-8a4623962c9a"
                  },
                  "type": "If"
                }
              },
              "runAfter": {
                "List_My_Environments": [
                  "Succeeded"
                ]
              },
              "metadata": {
                "operationMetadataId": "cc0c1e8c-9130-4b2a-8ca0-d9f852358d5a"
              },
              "type": "Foreach"
            }
          },
          "runAfter": {
            "Scope_-_remove_existing_items": [
              "Succeeded"
            ]
          },
          "metadata": {
            "operationMetadataId": "6de5d0b5-40b6-4e10-aadb-0a3b2d359bac"
          },
          "type": "Scope"
        },
        "Scope_-_get_all_my_Apps": {
          "actions": {
            "Get_Environments": {
              "runAfter": {},
              "metadata": {
                "operationMetadataId": "a0d55fdd-56b2-4a3a-9236-a043d3f645fc"
              },
              "type": "OpenApiConnection",
              "inputs": {
                "host": {
                  "connectionName": "shared_powerappsforappmakers_1",
                  "operationId": "Get-Environments",
                  "apiId": "/providers/Microsoft.PowerApps/apis/shared_powerappsforappmakers"
                },
                "parameters": {
                  "api-version": "2016-11-01",
                  "$top": 250
                },
                "authentication": "@parameters('$authentication')"
              }
            },
            "Apply_to_each_-_Power_Apps_environments": {
              "foreach": "@outputs('Get_Environments')?['body/value']",
              "actions": {
                "Get_Apps_from_each_environment": {
                  "runAfter": {},
                  "metadata": {
                    "operationMetadataId": "fa4fd750-8496-4d4d-8a6d-24f196aab88e"
                  },
                  "type": "OpenApiConnection",
                  "inputs": {
                    "host": {
                      "connectionName": "shared_powerappsforappmakers_1",
                      "operationId": "Get-Apps",
                      "apiId": "/providers/Microsoft.PowerApps/apis/shared_powerappsforappmakers"
                    },
                    "parameters": {
                      "api-version": "2016-11-01",
                      "$filter": "environment eq '@{items('Apply_to_each_-_Power_Apps_environments')?['name']}'",
                      "$top": 1000
                    },
                    "authentication": "@parameters('$authentication')"
                  }
                },
                "Filter_array_-_where_I_am_the_owner": {
                  "runAfter": {
                    "Get_Apps_from_each_environment": [
                      "Succeeded"
                    ]
                  },
                  "metadata": {
                    "operationMetadataId": "deb92807-3d40-4511-b78b-8ab0bcb39204"
                  },
                  "type": "Query",
                  "inputs": {
                    "from": "@outputs('Get_Apps_from_each_environment')?['body/value']",
                    "where": "@equals(item()?['properties/owner/id'], outputs('Get_my_profile_(V2)')?['body/id'])"
                  }
                },
                "Apply_to_each_-_App": {
                  "foreach": "@body('Filter_array_-_where_I_am_the_owner')",
                  "actions": {
                    "Create_item_-_App": {
                      "runAfter": {},
                      "metadata": {
                        "operationMetadataId": "c69d7fde-824f-4a82-abff-da3accb9e2ae"
                      },
                      "type": "OpenApiConnection",
                      "inputs": {
                        "host": {
                          "connectionName": "shared_sharepointonline_1",
                          "operationId": "PostItem",
                          "apiId": "/providers/Microsoft.PowerApps/apis/shared_sharepointonline"
                        },
                        "parameters": {
                          "dataset": "@variables('SiteURL')",
                          "table": "@variables('ListName')",
                          "item": {
                            "Title": "@{items('Apply_to_each_-_app')?['name']}",
                            "ObjectName": "@{items('Apply_to_each_-_app')?['properties/displayName']}",
                            "ObjectCreated": "@{items('Apply_to_each_-_app')?['properties/createdTime']}",
                            "ObjectModified": "@{items('Apply_to_each_-_app')?['properties/lastModifiedTime']}",
                            "ObjectLink": "https://make.powerapps.com/environments/@{items('Apply_to_each_-_app')?['properties/environment/name']}/apps/@{items('Apply_to_each_-_app')?['name']}/details",
                            "ObjectType": "App",
                            "EnvironmentName": "@{items('Apply_to_each_-_Power_Apps_environments')?['properties/linkedEnvironmentMetadata/friendlyName']}"
                          }
                        },
                        "authentication": "@parameters('$authentication')"
                      }
                    }
                  },
                  "runAfter": {
                    "Filter_array_-_where_I_am_the_owner": [
                      "Succeeded"
                    ]
                  },
                  "metadata": {
                    "operationMetadataId": "9f4f5326-80f9-4065-b81b-ca1b3d21c4c6"
                  },
                  "type": "Foreach"
                }
              },
              "runAfter": {
                "Get_Environments": [
                  "Succeeded"
                ]
              },
              "metadata": {
                "operationMetadataId": "88b41d4d-ffd0-46bd-a16d-47826d18fc16"
              },
              "type": "Foreach"
            }
          },
          "runAfter": {
            "Scope_-_remove_existing_items": [
              "Succeeded"
            ]
          },
          "metadata": {
            "operationMetadataId": "c1373180-c6c4-4069-a746-689c7e68b12a"
          },
          "type": "Scope"
        },
        "Get_my_profile_(V2)": {
          "runAfter": {
            "Initialize_variable_-_ListName": [
              "Succeeded"
            ]
          },
          "metadata": {
            "operationMetadataId": "08e60862-e5ce-4f15-bf35-b49756c1a320"
          },
          "type": "OpenApiConnection",
          "inputs": {
            "host": {
              "connectionName": "shared_office365users_1",
              "operationId": "MyProfile_V2",
              "apiId": "/providers/Microsoft.PowerApps/apis/shared_office365users"
            },
            "parameters": {
              "$select": "id"
            },
            "authentication": "@parameters('$authentication')"
          }
        },
        "Initialize_variable_-_SiteURL": {
          "runAfter": {},
          "metadata": {
            "operationMetadataId": "c3fa8590-9e20-42d2-b0e1-967bb3aa49f5"
          },
          "type": "InitializeVariable",
          "inputs": {
            "variables": [
              {
                "name": "SiteURL",
                "type": "string",
                "value": "https://rapidcircle1com-my.sharepoint.com/personal/loryan_strant_rapidcircle_com"
              }
            ]
          }
        },
        "Initialize_variable_-_ListName": {
          "runAfter": {
            "Initialize_variable_-_SiteURL": [
              "Succeeded"
            ]
          },
          "metadata": {
            "operationMetadataId": "0d6ad8a3-ed61-4e4b-a7cd-168f3b0c3151"
          },
          "type": "InitializeVariable",
          "inputs": {
            "variables": [
              {
                "name": "ListName",
                "type": "string",
                "value": "MyPowerPlatform"
              }
            ]
          }
        }
      }
    },
    "templateName": ""
  },
  "schemaVersion": "1.0.0.0"
}