{
  "properties": {
    "connectionReferences": {
      "shared_sharepointonline_1": {
        "runtimeSource": "embedded",
        "connection": {
          "connectionReferenceLogicalName": "ls_BloomGrowthSharePoint"
        },
        "api": {
          "name": "shared_sharepointonline"
        }
      }
    },
    "definition": {
      "$schema": "https://schema.management.azure.com/providers/Microsoft.Logic/schemas/2016-06-01/workflowdefinition.json#",
      "contentVersion": "1.0.0.0",
      "parameters": {
        "$connections": {
          "defaultValue": {},
          "type": "Object"
        },
        "$authentication": {
          "defaultValue": {},
          "type": "SecureObject"
        }
      },
      "triggers": {
        "Recurrence": {
          "recurrence": {
            "frequency": "Week",
            "interval": 1,
            "timeZone": "AUS Eastern Standard Time",
            "schedule": {
              "weekDays": [
                "Monday",
                "Tuesday",
                "Wednesday",
                "Thursday",
                "Friday"
              ],
              "hours": [
                "10",
                "14",
                "18"
              ],
              "minutes": [
                0
              ]
            }
          },
          "metadata": {
            "operationMetadataId": "06459ddf-3f9c-4b10-84e9-aadd436d84f8"
          },
          "type": "Recurrence"
        }
      },
      "actions": {
        "Compose": {
          "runAfter": {},
          "metadata": {
            "operationMetadataId": "47a1c661-85bf-4017-a1dc-a7b8819b949c"
          },
          "type": "Compose",
          "inputs": 1
        },
        "Initialize_variable_-_BloomGrowthUsername": {
          "runAfter": {
            "Compose": [
              "Succeeded"
            ]
          },
          "metadata": {
            "operationMetadataId": "afb7fe75-d5d3-41d5-9ec1-cc42e7c5f523"
          },
          "type": "InitializeVariable",
          "inputs": {
            "variables": [
              {
                "name": "BloomGrowthUsername",
                "type": "string",
                "value": "YOURACCOUNT@YOURDOMAIN.COM"
              }
            ]
          }
        },
        "Initialize_variable_-_BloomGrowthPassword": {
          "runAfter": {
            "Initialize_variable_-_BloomGrowthUsername": [
              "Succeeded"
            ]
          },
          "metadata": {
            "operationMetadataId": "9f9a0761-5ad3-4e51-9399-ab0c89a0045c"
          },
          "type": "InitializeVariable",
          "inputs": {
            "variables": [
              {
                "name": "BloomGrowthPassword",
                "type": "string",
                "value": "YOURPASSWORD"
              }
            ]
          }
        },
        "HTTP_-_get_token": {
          "runAfter": {
            "Initialize_variable_-_BloomGrowthPassword": [
              "Succeeded"
            ]
          },
          "metadata": {
            "operationMetadataId": "e70c1621-10ae-4ca9-82b4-5f274915debd"
          },
          "type": "Http",
          "inputs": {
            "method": "POST",
            "uri": "https://app.bloomgrowth.com/Token",
            "headers": {
              "content-type": "application/x-www-form-urlencoded"
            },
            "body": "grant_type=password&userName=@{variables('BloomGrowthUsername')}&password=@{variables('BloomGrowthPassword')}"
          }
        },
        "Parse_JSON_-_get_token": {
          "runAfter": {
            "HTTP_-_get_token": [
              "Succeeded"
            ]
          },
          "metadata": {
            "operationMetadataId": "af126082-7c76-491a-a6b7-347897bede07"
          },
          "type": "ParseJson",
          "inputs": {
            "content": "@body('HTTP_-_get_token')",
            "schema": {
              "type": "object",
              "properties": {
                "access_token": {
                  "type": "string"
                },
                "token_type": {
                  "type": "string"
                },
                "expires_in": {
                  "type": "integer"
                },
                "userName": {
                  "type": "string"
                },
                ".issued:": {
                  "type": "string"
                },
                ".expires": {
                  "type": "string"
                },
                "user_id": {
                  "type": "integer"
                },
                "organization_id": {
                  "type": "integer"
                }
              }
            }
          }
        },
        "Get_items_-_users_to_run_the_sync_against": {
          "runAfter": {
            "Parse_JSON_-_get_token": [
              "Succeeded"
            ]
          },
          "metadata": {
            "operationMetadataId": "0c291a8d-9d28-4046-b550-eb67098f632e"
          },
          "type": "OpenApiConnection",
          "inputs": {
            "host": {
              "connectionName": "shared_sharepointonline_1",
              "operationId": "GetItems",
              "apiId": "/providers/Microsoft.PowerApps/apis/shared_sharepointonline"
            },
            "parameters": {
              "dataset": "https://YOURTENANT.sharepoint.com/sites/YOURSPOSITE",
              "table": "47767b12-c971-40b4-9a91-7d4b58d87dc4"
            },
            "authentication": "@parameters('$authentication')"
          },
          "runtimeConfiguration": {
            "paginationPolicy": {
              "minimumItemCount": 5000
            }
          }
        },
        "Apply_to_each_-_user_to_run_the_sync_against": {
          "foreach": "@outputs('Get_items_-_users_to_run_the_sync_against')?['body/value']",
          "actions": {
            "HTTP_-_check_for_existing_tasks_in_L10_Tasks": {
              "runAfter": {},
              "metadata": {
                "operationMetadataId": "6816cde8-0f9f-4c2a-9939-6e059994779b"
              },
              "type": "Http",
              "inputs": {
                "method": "GET",
                "uri": "https://graph.microsoft.com/v1.0/users/@{items('Apply_to_each_-_user_to_run_the_sync_against')?['Title']}/todo/lists/@{items('Apply_to_each_-_user_to_run_the_sync_against')?['L10TasksListID']}/tasks",
                "authentication": {
                  "type": "ActiveDirectoryOAuth",
                  "tenant": "YOUR TENANT ID",
                  "audience": "https://graph.microsoft.com",
                  "clientId": "YOUR CLIENT / APP ID",
                  "secret": "YOUR SECRET"
                }
              }
            },
            "Parse_JSON_-_check_for_existing_tasks_in_L10_Tasks": {
              "runAfter": {
                "HTTP_-_check_for_existing_tasks_in_L10_Tasks": [
                  "Succeeded"
                ]
              },
              "metadata": {
                "operationMetadataId": "479f5fde-0ded-47c7-a2e2-fa632e93b21d"
              },
              "type": "ParseJson",
              "inputs": {
                "content": "@body('HTTP_-_check_for_existing_tasks_in_L10_Tasks')",
                "schema": {
                  "type": "object",
                  "properties": {
                    "value": {
                      "type": "array",
                      "items": {
                        "type": "object",
                        "properties": {
                          "@@odata.etag": {
                            "type": "string"
                          },
                          "importance": {
                            "type": "string"
                          },
                          "isReminderOn": {
                            "type": "boolean"
                          },
                          "status": {
                            "type": "string"
                          },
                          "title": {
                            "type": "string"
                          },
                          "createdDateTime": {
                            "type": "string"
                          },
                          "lastModifiedDateTime": {
                            "type": "string"
                          },
                          "categories": {
                            "type": "array",
                            "items": {
                              "type": "string"
                            }
                          },
                          "id": {
                            "type": "string"
                          },
                          "body": {
                            "type": "object",
                            "properties": {
                              "content": {
                                "type": "string"
                              },
                              "contentType": {
                                "type": "string"
                              }
                            }
                          },
                          "linkedResources": {
                            "type": "array",
                            "items": {
                              "type": "object",
                              "properties": {
                                "applicationName": {
                                  "type": "string"
                                },
                                "displayName": {
                                  "type": "string"
                                },
                                "externalId": {
                                  "type": "string"
                                },
                                "id": {
                                  "type": "string"
                                }
                              },
                              "required": [
                                "applicationName",
                                "displayName",
                                "externalId",
                                "id"
                              ]
                            }
                          }
                        },
                        "required": [
                          "@@odata.etag",
                          "importance",
                          "isReminderOn",
                          "status",
                          "title",
                          "createdDateTime",
                          "lastModifiedDateTime",
                          "id",
                          "body"
                        ]
                      }
                    }
                  }
                }
              }
            },
            "Filter_array_-_only_keep_completed_tasks": {
              "runAfter": {
                "Parse_JSON_-_check_for_existing_tasks_in_L10_Tasks": [
                  "Succeeded"
                ]
              },
              "metadata": {
                "operationMetadataId": "c08d660d-196e-47ae-a49a-d2774b03c8bc"
              },
              "type": "Query",
              "inputs": {
                "from": "@body('Parse_JSON_-_check_for_existing_tasks_in_L10_Tasks')?['value']",
                "where": "@equals(item()?['status'], 'completed')"
              }
            },
            "Apply_to_each_-_completed_task_in_To_Do": {
              "foreach": "@body('Filter_array_-_only_keep_completed_tasks')",
              "actions": {
                "Scope_-_clean_up_To_Do_item_title_to_get_Traction_Tools_ID": {
                  "actions": {
                    "Compose_-_get_the_ID_from_the_array": {
                      "runAfter": {
                        "Compose_-_split_into_array": [
                          "Succeeded"
                        ]
                      },
                      "metadata": {
                        "operationMetadataId": "38b00588-a393-4a40-a118-60ff35254e13"
                      },
                      "type": "Compose",
                      "inputs": "@outputs('Compose_-_split_into_array')?[1]"
                    },
                    "Compose_-_remove_trailing_bracket_from_ID": {
                      "runAfter": {
                        "Compose_-_get_the_ID_from_the_array": [
                          "Succeeded"
                        ]
                      },
                      "metadata": {
                        "operationMetadataId": "a3b43cb1-9b9e-498c-9076-876777d9e309"
                      },
                      "type": "Compose",
                      "inputs": "@replace(outputs('Compose_-_get_the_ID_from_the_array'),')','')"
                    },
                    "Compose_-_split_into_array": {
                      "runAfter": {},
                      "metadata": {
                        "operationMetadataId": "d9d10d75-b3c8-4682-b1d8-85c53368bfc6"
                      },
                      "type": "Compose",
                      "inputs": "@split(items('Apply_to_each_-_completed_task_in_To_Do')?['title'], '(TT')"
                    }
                  },
                  "runAfter": {},
                  "metadata": {
                    "operationMetadataId": "8b904978-360c-449e-a1f8-be21eb2682d7"
                  },
                  "type": "Scope"
                },
                "HTTP_-_check_if_task_is_still_open_or_completed": {
                  "runAfter": {
                    "Scope_-_clean_up_To_Do_item_title_to_get_Traction_Tools_ID": [
                      "Succeeded"
                    ]
                  },
                  "metadata": {
                    "operationMetadataId": "acc11db5-1477-4ec4-b452-8cdf512ce6d1"
                  },
                  "type": "Http",
                  "inputs": {
                    "method": "GET",
                    "uri": "https://app.bloomgrowth.com/api/v1/todo/@{outputs('Compose_-_remove_trailing_bracket_from_ID')}",
                    "headers": {
                      "Authorization": "Bearer @{body('Parse_JSON_-_get_token')?['access_token']}"
                    }
                  }
                },
                "Parse_JSON_-_check_if_task_is_still_open_or_completed": {
                  "runAfter": {
                    "HTTP_-_check_if_task_is_still_open_or_completed": [
                      "Succeeded"
                    ]
                  },
                  "metadata": {
                    "operationMetadataId": "923614cc-6d76-4ce6-8360-7cae90823e74"
                  },
                  "type": "ParseJson",
                  "inputs": {
                    "content": "@body('HTTP_-_check_if_task_is_still_open_or_completed')",
                    "schema": {
                      "type": "object",
                      "properties": {
                        "Id": {
                          "type": "integer"
                        },
                        "Type": {
                          "type": "string"
                        },
                        "Key": {
                          "type": "string"
                        },
                        "Name": {
                          "type": "string"
                        },
                        "DetailsUrl": {
                          "type": "string"
                        },
                        "Origin": {
                          "type": "string"
                        },
                        "OriginId": {
                          "type": [
                            "integer",
                            "null"
                          ]
                        },
                        "DueDate": {
                          "type": "string"
                        },
                        "Owner": {
                          "type": "object",
                          "properties": {
                            "Id": {
                              "type": "integer"
                            },
                            "Type": {
                              "type": "string"
                            },
                            "Key": {
                              "type": "string"
                            },
                            "Name": {
                              "type": "string"
                            },
                            "ImageUrl": {
                              "type": "string"
                            }
                          }
                        },
                        "Complete": {
                          "type": "boolean"
                        },
                        "TodoType": {
                          "type": "string"
                        }
                      }
                    }
                  }
                },
                "Condition": {
                  "actions": {},
                  "runAfter": {
                    "Parse_JSON_-_check_if_task_is_still_open_or_completed": [
                      "Succeeded"
                    ]
                  },
                  "else": {
                    "actions": {
                      "HTTP_-_make_the_task_complete_in_Traction_Tools": {
                        "runAfter": {},
                        "metadata": {
                          "operationMetadataId": "acc11db5-1477-4ec4-b452-8cdf512ce6d1"
                        },
                        "type": "Http",
                        "inputs": {
                          "method": "POST",
                          "uri": "https://app.bloomgrowth.com/api/v1/todo/@{outputs('Compose_-_remove_trailing_bracket_from_ID')}/complete",
                          "headers": {
                            "Authorization": "Bearer @{body('Parse_JSON_-_get_token')?['access_token']}"
                          }
                        }
                      }
                    }
                  },
                  "expression": {
                    "equals": [
                      "@body('Parse_JSON_-_check_if_task_is_still_open_or_completed')?['Complete']",
                      true
                    ]
                  },
                  "metadata": {
                    "operationMetadataId": "e2fcff4a-9ab4-438d-aecc-9988118586c8"
                  },
                  "type": "If"
                }
              },
              "runAfter": {
                "Filter_array_-_only_keep_completed_tasks": [
                  "Succeeded"
                ]
              },
              "metadata": {
                "operationMetadataId": "58ab4832-14c8-402d-99ef-e870a61f426d"
              },
              "type": "Foreach"
            }
          },
          "runAfter": {
            "Get_items_-_users_to_run_the_sync_against": [
              "Succeeded"
            ]
          },
          "metadata": {
            "operationMetadataId": "5cf8a782-621f-4c70-bad1-b9abe5e3ca3e"
          },
          "type": "Foreach"
        }
      },
      "outputs": {}
    },
    "templateName": ""
  },
  "schemaVersion": "1.0.0.0"
}