{
  "properties": {
    "connectionReferences": {
      "shared_azuread_1": {
        "runtimeSource": "embedded",
        "connection": {
          "connectionReferenceLogicalName": "ls_BloomGrowthAzureAD"
        },
        "api": {
          "name": "shared_azuread"
        }
      },
      "shared_sharepointonline_1": {
        "runtimeSource": "embedded",
        "connection": {
          "connectionReferenceLogicalName": "ls_BloomGrowthSharePoint"
        },
        "api": {
          "name": "shared_sharepointonline"
        }
      }
    },
    "definition": {
      "$schema": "https://schema.management.azure.com/providers/Microsoft.Logic/schemas/2016-06-01/workflowdefinition.json#",
      "contentVersion": "1.0.0.0",
      "parameters": {
        "$connections": {
          "defaultValue": {},
          "type": "Object"
        },
        "$authentication": {
          "defaultValue": {},
          "type": "SecureObject"
        }
      },
      "triggers": {
        "Recurrence": {
          "recurrence": {
            "frequency": "Week",
            "interval": 1,
            "timeZone": "AUS Eastern Standard Time",
            "schedule": {
              "weekDays": [
                "Monday",
                "Tuesday",
                "Wednesday",
                "Thursday",
                "Friday"
              ],
              "hours": [
                "19"
              ],
              "minutes": [
                0
              ]
            }
          },
          "metadata": {
            "operationMetadataId": "851fa7e4-fba8-474f-aa2a-a46c4274c22b"
          },
          "type": "Recurrence"
        }
      },
      "actions": {
        "Get_group_members_-_SG_ORG_AU_AllStaff": {
          "runAfter": {},
          "metadata": {
            "operationMetadataId": "04f8f188-f6f2-4bb6-b9fd-6118baf9a77b"
          },
          "type": "OpenApiConnection",
          "inputs": {
            "host": {
              "connectionName": "shared_azuread_1",
              "operationId": "GetGroupMembers",
              "apiId": "/providers/Microsoft.PowerApps/apis/shared_azuread"
            },
            "parameters": {
              "id": "SECURITY GROUP OBJECT ID"
            },
            "authentication": "@parameters('$authentication')"
          },
          "runtimeConfiguration": {
            "paginationPolicy": {
              "minimumItemCount": 5000
            }
          }
        },
        "Initialize_variable_-_BloomGrowthUsername": {
          "runAfter": {
            "Get_group_members_-_SG_ORG_AU_AllStaff": [
              "Succeeded"
            ]
          },
          "metadata": {
            "operationMetadataId": "66ebc938-189a-44c2-a63a-0d045d178a61"
          },
          "type": "InitializeVariable",
          "inputs": {
            "variables": [
              {
                "name": "BloomGrowthUsername",
                "type": "string",
                "value": "YOURACCOUNT@YOURDOMAIN.COM"
              }
            ]
          }
        },
        "Initialize_variable_-_BloomGrowthPassword": {
          "runAfter": {
            "Initialize_variable_-_BloomGrowthUsername": [
              "Succeeded"
            ]
          },
          "metadata": {
            "operationMetadataId": "399beed5-2992-4477-9f98-f326e7425cc2"
          },
          "type": "InitializeVariable",
          "inputs": {
            "variables": [
              {
                "name": "BloomGrowthPassword",
                "type": "string",
                "value": "YOURPASSWORD"
              }
            ]
          }
        },
        "HTTP_-_get_token": {
          "runAfter": {
            "Initialize_variable_-_BloomGrowthPassword": [
              "Succeeded"
            ]
          },
          "metadata": {
            "operationMetadataId": "e70c1621-10ae-4ca9-82b4-5f274915debd"
          },
          "type": "Http",
          "inputs": {
            "method": "POST",
            "uri": "https://app.bloomgrowth.com/Token",
            "headers": {
              "content-type": "application/x-www-form-urlencoded"
            },
            "body": "grant_type=password&userName=@{variables('BloomGrowthUsername')}&password=@{variables('BloomGrowthPassword')}"
          }
        },
        "Parse_JSON_-_get_token": {
          "runAfter": {
            "HTTP_-_get_token": [
              "Succeeded"
            ]
          },
          "metadata": {
            "operationMetadataId": "af126082-7c76-491a-a6b7-347897bede07"
          },
          "type": "ParseJson",
          "inputs": {
            "content": "@body('HTTP_-_get_token')",
            "schema": {
              "type": "object",
              "properties": {
                "access_token": {
                  "type": "string"
                },
                "token_type": {
                  "type": "string"
                },
                "expires_in": {
                  "type": "integer"
                },
                "userName": {
                  "type": "string"
                },
                ".issued:": {
                  "type": "string"
                },
                ".expires": {
                  "type": "string"
                },
                "user_id": {
                  "type": "integer"
                },
                "organization_id": {
                  "type": "integer"
                }
              }
            }
          }
        },
        "Apply_to_each": {
          "foreach": "@outputs('Get_group_members_-_SG_ORG_AU_AllStaff')?['body/value']",
          "actions": {
            "Parse_JSON": {
              "runAfter": {
                "HTTP_-_check_if_L10_Tasks_list_exists": [
                  "Succeeded"
                ]
              },
              "metadata": {
                "operationMetadataId": "2caa1f9f-5434-4c55-8c92-afb7bd170013"
              },
              "type": "ParseJson",
              "inputs": {
                "content": "@body('HTTP_-_check_if_L10_Tasks_list_exists')",
                "schema": {
                  "type": "object",
                  "properties": {
                    "@@odata.context": {
                      "type": "string"
                    },
                    "value": {
                      "type": "array",
                      "items": {
                        "type": "object",
                        "properties": {
                          "@@odata.etag": {
                            "type": "string"
                          },
                          "displayName": {
                            "type": "string"
                          },
                          "isOwner": {
                            "type": "boolean"
                          },
                          "isShared": {
                            "type": "boolean"
                          },
                          "wellknownListName": {
                            "type": "string"
                          },
                          "id": {
                            "type": "string"
                          }
                        },
                        "required": [
                          "@@odata.etag",
                          "displayName",
                          "isOwner",
                          "isShared",
                          "wellknownListName",
                          "id"
                        ]
                      }
                    }
                  }
                }
              }
            },
            "Condition": {
              "actions": {
                "Compose_2": {
                  "runAfter": {},
                  "metadata": {
                    "operationMetadataId": "c5d660b5-4c8b-4f2f-a5c9-b898e40e1925"
                  },
                  "type": "Compose",
                  "inputs": "exists"
                }
              },
              "runAfter": {
                "Filter_array": [
                  "Succeeded"
                ]
              },
              "else": {
                "actions": {
                  "Compose_3": {
                    "runAfter": {},
                    "metadata": {
                      "operationMetadataId": "030f58ac-9c46-4f76-a51b-356490817ea6"
                    },
                    "type": "Compose",
                    "inputs": "doesn't exist"
                  },
                  "HTTP_-_find_Bloom_Growth_user_ID": {
                    "runAfter": {
                      "Compose_3": [
                        "Succeeded"
                      ]
                    },
                    "metadata": {
                      "operationMetadataId": "acc11db5-1477-4ec4-b452-8cdf512ce6d1"
                    },
                    "type": "Http",
                    "inputs": {
                      "method": "GET",
                      "uri": "https://app.bloomgrowth.com/api/v1/search/user?term=@{items('Apply_to_each')?['displayName']}",
                      "headers": {
                        "Authorization": "Bearer @{body('Parse_JSON_-_get_token')?['access_token']}"
                      }
                    }
                  },
                  "Parse_JSON__-_find_Bloom_Growth_user_ID": {
                    "runAfter": {
                      "HTTP_-_find_Bloom_Growth_user_ID": [
                        "Succeeded"
                      ]
                    },
                    "metadata": {
                      "operationMetadataId": "9dea2c82-6bc4-41ef-aae2-159e778b2fc0"
                    },
                    "type": "ParseJson",
                    "inputs": {
                      "content": "@body('HTTP_-_find_Bloom_Growth_user_ID')",
                      "schema": {
                        "type": "array",
                        "items": {
                          "type": "object",
                          "properties": {
                            "Id": {
                              "type": "integer"
                            },
                            "Name": {
                              "type": "string"
                            },
                            "Description": {
                              "type": "string"
                            },
                            "OrganizationId": {
                              "type": "integer"
                            },
                            "Organization": {},
                            "Email": {
                              "type": "string"
                            },
                            "ImageUrl": {
                              "type": "string"
                            },
                            "AltIcon": {},
                            "ResultType": {
                              "type": "string"
                            },
                            "ItemName": {
                              "type": "string"
                            },
                            "ItemImageUrl": {
                              "type": "string"
                            },
                            "ItemValue": {
                              "type": "string"
                            },
                            "ItemDescription": {
                              "type": "string"
                            }
                          },
                          "required": [
                            "Id",
                            "Name",
                            "Description",
                            "OrganizationId",
                            "Organization",
                            "Email",
                            "ImageUrl",
                            "AltIcon",
                            "ResultType",
                            "ItemName",
                            "ItemImageUrl",
                            "ItemValue",
                            "ItemDescription"
                          ]
                        }
                      }
                    }
                  },
                  "Condition_-_user_exists_in_Bloom_Growth": {
                    "actions": {
                      "HTTP_-_Create_\"L10_Tasks\"_task_list_in_To_Do": {
                        "runAfter": {},
                        "metadata": {
                          "operationMetadataId": "16677c99-5c15-4118-b3ed-66c264bb8635"
                        },
                        "type": "Http",
                        "inputs": {
                          "method": "POST",
                          "uri": "https://graph.microsoft.com/v1.0/users/@{items('Apply_to_each')?['userPrincipalName']}/todo/lists/",
                          "body": {
                            "displayName": "L10 Tasks"
                          },
                          "authentication": {
                            "type": "ActiveDirectoryOAuth",
                            "tenant": "YOUR TENANT ID",
                            "audience": "https://graph.microsoft.com",
                            "clientId": "YOUR CLIENT / APP ID",
                            "secret": "YOUR SECRET"
                          }
                        }
                      },
                      "Parse_JSON_-_created_task_list": {
                        "runAfter": {
                          "HTTP_-_Create_\"L10_Tasks\"_task_list_in_To_Do": [
                            "Succeeded"
                          ]
                        },
                        "metadata": {
                          "operationMetadataId": "1daee6e8-7f8b-42a2-93f8-bacb88490f90"
                        },
                        "type": "ParseJson",
                        "inputs": {
                          "content": "@body('HTTP_-_Create_\"L10_Tasks\"_task_list_in_To_Do')",
                          "schema": {
                            "type": "object",
                            "properties": {
                              "@@odata.context": {
                                "type": "string"
                              },
                              "@@odata.etag": {
                                "type": "string"
                              },
                              "displayName": {
                                "type": "string"
                              },
                              "isOwner": {
                                "type": "boolean"
                              },
                              "isShared": {
                                "type": "boolean"
                              },
                              "wellknownListName": {
                                "type": "string"
                              },
                              "id": {
                                "type": "string"
                              }
                            }
                          }
                        }
                      },
                      "Create_item": {
                        "runAfter": {
                          "Parse_JSON_-_created_task_list": [
                            "Succeeded"
                          ]
                        },
                        "metadata": {
                          "operationMetadataId": "bd9a6cb5-97dc-42d6-814e-ea765a934c0b"
                        },
                        "type": "OpenApiConnection",
                        "inputs": {
                          "host": {
                            "connectionName": "shared_sharepointonline_1",
                            "operationId": "PostItem",
                            "apiId": "/providers/Microsoft.PowerApps/apis/shared_sharepointonline"
                          },
                          "parameters": {
                            "dataset": "https://YOURTENANT.sharepoint.com/sites/YOURSPOSITE",
                            "table": "47767b12-c971-40b4-9a91-7d4b58d87dc4",
                            "item/Title": "@items('Apply_to_each')?['userPrincipalName']",
                            "item/BloomGrowthID": "@body('Parse_JSON__-_find_Bloom_Growth_user_ID')[0]?['Id']",
                            "item/L10TasksListID": "@body('Parse_JSON_-_created_task_list')?['id']"
                          },
                          "authentication": "@parameters('$authentication')"
                        }
                      }
                    },
                    "runAfter": {
                      "Parse_JSON__-_find_Bloom_Growth_user_ID": [
                        "Succeeded"
                      ]
                    },
                    "expression": {
                      "greater": [
                        "@length(body('Parse_JSON__-_find_Bloom_Growth_user_ID'))",
                        0
                      ]
                    },
                    "metadata": {
                      "operationMetadataId": "c27d19f6-6b12-4b04-aa61-e669415edec1"
                    },
                    "type": "If"
                  }
                }
              },
              "expression": {
                "greater": [
                  "@length(body('Filter_array'))",
                  0
                ]
              },
              "metadata": {
                "operationMetadataId": "0a2f28d4-2f60-45fe-bad7-27ed11bd7550"
              },
              "type": "If"
            },
            "Filter_array": {
              "runAfter": {
                "Parse_JSON": [
                  "Succeeded"
                ]
              },
              "metadata": {
                "operationMetadataId": "c15a6197-2f39-4155-ab71-d481f2593ae7"
              },
              "type": "Query",
              "inputs": {
                "from": "@body('Parse_JSON')?['value']",
                "where": "@equals(item()?['displayName'], 'L10 Tasks')"
              }
            },
            "HTTP_-_check_if_L10_Tasks_list_exists": {
              "runAfter": {},
              "metadata": {
                "operationMetadataId": "6816cde8-0f9f-4c2a-9939-6e059994779b"
              },
              "type": "Http",
              "inputs": {
                "method": "GET",
                "uri": "https://graph.microsoft.com/v1.0/users/@{items('Apply_to_each')?['userPrincipalName']}/todo/lists/",
                "authentication": {
                  "type": "ActiveDirectoryOAuth",
                  "tenant": "YOUR TENANT ID",
                  "audience": "https://graph.microsoft.com",
                  "clientId": "YOUR CLIENT / APP ID",
                  "secret": "YOUR SECRET"
                }
              }
            }
          },
          "runAfter": {
            "Parse_JSON_-_get_token": [
              "Succeeded"
            ]
          },
          "metadata": {
            "operationMetadataId": "2cc46847-07c4-44d1-a1f8-19334606dc68"
          },
          "type": "Foreach"
        }
      },
      "outputs": {}
    },
    "templateName": ""
  },
  "schemaVersion": "1.0.0.0"
}