{
  "properties": {
    "connectionReferences": {
      "shared_sharepointonline_1": {
        "runtimeSource": "embedded",
        "connection": {
          "connectionReferenceLogicalName": "ls_BloomGrowthSharePoint"
        },
        "api": {
          "name": "shared_sharepointonline"
        }
      }
    },
    "definition": {
      "$schema": "https://schema.management.azure.com/providers/Microsoft.Logic/schemas/2016-06-01/workflowdefinition.json#",
      "contentVersion": "1.0.0.0",
      "parameters": {
        "$connections": {
          "defaultValue": {},
          "type": "Object"
        },
        "$authentication": {
          "defaultValue": {},
          "type": "SecureObject"
        }
      },
      "triggers": {
        "Recurrence": {
          "recurrence": {
            "frequency": "Week",
            "interval": 1,
            "timeZone": "AUS Eastern Standard Time",
            "schedule": {
              "weekDays": [
                "Monday",
                "Tuesday",
                "Wednesday",
                "Thursday",
                "Friday"
              ],
              "hours": [
                "9",
                "13",
                "17"
              ],
              "minutes": [
                0
              ]
            }
          },
          "metadata": {
            "operationMetadataId": "c7aad87b-7c53-4d8c-a317-a3c874033034"
          },
          "type": "Recurrence"
        }
      },
      "actions": {
        "Initialize_variable_-_BloomGrowthUsername": {
          "runAfter": {},
          "metadata": {
            "operationMetadataId": "8d910eeb-36eb-4efa-a05e-51098c673524"
          },
          "type": "InitializeVariable",
          "inputs": {
            "variables": [
              {
                "name": "BloomGrowthUsername",
                "type": "string",
                "value": "YOURACCOUNT@YOURDOMAIN.COM"
              }
            ]
          }
        },
        "Initialize_variable_-_BloomGrowthPassword": {
          "runAfter": {
            "Initialize_variable_-_BloomGrowthUsername": [
              "Succeeded"
            ]
          },
          "metadata": {
            "operationMetadataId": "a5487c4c-b52a-4faa-a8ca-deaa4fbc12ad"
          },
          "type": "InitializeVariable",
          "inputs": {
            "variables": [
              {
                "name": "BloomGrowthPassword",
                "type": "string",
                "value": "YOURPASSWORD"
              }
            ]
          }
        },
        "HTTP_-_get_token": {
          "runAfter": {
            "Initialize_variable_-_BloomGrowthPassword": [
              "Succeeded"
            ]
          },
          "metadata": {
            "operationMetadataId": "e70c1621-10ae-4ca9-82b4-5f274915debd"
          },
          "type": "Http",
          "inputs": {
            "method": "POST",
            "uri": "https://app.bloomgrowth.com/Token",
            "headers": {
              "content-type": "application/x-www-form-urlencoded"
            },
            "body": "grant_type=password&userName=@{variables('BloomGrowthUsername')}&password=@{variables('BloomGrowthPassword')}"
          }
        },
        "Parse_JSON_-_get_token": {
          "runAfter": {
            "HTTP_-_get_token": [
              "Succeeded"
            ]
          },
          "metadata": {
            "operationMetadataId": "af126082-7c76-491a-a6b7-347897bede07"
          },
          "type": "ParseJson",
          "inputs": {
            "content": "@body('HTTP_-_get_token')",
            "schema": {
              "type": "object",
              "properties": {
                "access_token": {
                  "type": "string"
                },
                "token_type": {
                  "type": "string"
                },
                "expires_in": {
                  "type": "integer"
                },
                "userName": {
                  "type": "string"
                },
                ".issued:": {
                  "type": "string"
                },
                ".expires": {
                  "type": "string"
                },
                "user_id": {
                  "type": "integer"
                },
                "organization_id": {
                  "type": "integer"
                }
              }
            }
          }
        },
        "Get_items_-_users_to_run_the_sync_against": {
          "runAfter": {
            "Parse_JSON_-_get_token": [
              "Succeeded"
            ]
          },
          "metadata": {
            "operationMetadataId": "d9c08565-a38c-4510-bdc7-b1646da70e48"
          },
          "type": "OpenApiConnection",
          "inputs": {
            "host": {
              "connectionName": "shared_sharepointonline_1",
              "operationId": "GetItems",
              "apiId": "/providers/Microsoft.PowerApps/apis/shared_sharepointonline"
            },
            "parameters": {
              "dataset": "https://YOURTENANT.sharepoint.com/sites/YOURSPOSITE",
              "table": "47767b12-c971-40b4-9a91-7d4b58d87dc4"
            },
            "authentication": "@parameters('$authentication')"
          },
          "runtimeConfiguration": {
            "paginationPolicy": {
              "minimumItemCount": 5000
            }
          }
        },
        "Apply_to_each_-_user_to_run_the_sync_against": {
          "foreach": "@outputs('Get_items_-_users_to_run_the_sync_against')?['body/value']",
          "actions": {
            "HTTP_-_get_tasks_assigned_to_each_user": {
              "runAfter": {},
              "metadata": {
                "operationMetadataId": "acc11db5-1477-4ec4-b452-8cdf512ce6d1"
              },
              "type": "Http",
              "inputs": {
                "method": "GET",
                "uri": "https://app.bloomgrowth.com/api/v1/todo/user/@{items('Apply_to_each_-_user_to_run_the_sync_against')?['BloomGrowthID']}",
                "headers": {
                  "Authorization": "Bearer @{body('Parse_JSON_-_get_token')?['access_token']}"
                }
              }
            },
            "Parse_JSON_-_get_tasks_assigned_to_each_user": {
              "runAfter": {
                "HTTP_-_get_tasks_assigned_to_each_user": [
                  "Succeeded"
                ]
              },
              "metadata": {
                "operationMetadataId": "e6268058-f189-4b65-a369-aa50398a00c3"
              },
              "type": "ParseJson",
              "inputs": {
                "content": "@body('HTTP_-_get_tasks_assigned_to_each_user')",
                "schema": {
                  "type": "array",
                  "items": {
                    "type": "object",
                    "properties": {
                      "Id": {
                        "type": "integer"
                      },
                      "Type": {
                        "type": "string"
                      },
                      "Key": {
                        "type": "string"
                      },
                      "Name": {
                        "type": "string"
                      },
                      "DetailsUrl": {
                        "type": "string"
                      },
                      "Origin": {
                        "type": "string"
                      },
                      "OriginId": {
                        "type": [
                          "integer",
                          "null"
                        ]
                      },
                      "DueDate": {
                        "type": [
                          "string",
                          "null"
                        ]
                      },
                      "Owner": {
                        "type": "object",
                        "properties": {
                          "Id": {
                            "type": "integer"
                          },
                          "Type": {
                            "type": "string"
                          },
                          "Key": {
                            "type": "string"
                          },
                          "Name": {
                            "type": "string"
                          },
                          "ImageUrl": {
                            "type": "string"
                          }
                        }
                      },
                      "CloseTime": {},
                      "CompleteTime": {},
                      "CreateTime": {
                        "type": "string"
                      },
                      "Complete": {
                        "type": "boolean"
                      },
                      "TodoType": {
                        "type": "string"
                      },
                      "Ordering": {
                        "type": "integer"
                      },
                      "Permission": {},
                      "HasAudio": {
                        "type": "boolean"
                      }
                    },
                    "required": [
                      "Id",
                      "Type",
                      "Key",
                      "Name",
                      "DetailsUrl",
                      "Origin",
                      "OriginId",
                      "DueDate",
                      "Owner",
                      "CloseTime",
                      "CompleteTime",
                      "CreateTime",
                      "Complete",
                      "TodoType",
                      "Ordering",
                      "Permission",
                      "HasAudio"
                    ]
                  }
                }
              }
            },
            "Filter_array_-_remove_completed_items_for_each_user": {
              "runAfter": {
                "Parse_JSON_-_get_tasks_assigned_to_each_user": [
                  "Succeeded"
                ]
              },
              "metadata": {
                "operationMetadataId": "2bb4a08f-77e0-4fc7-937a-b7759708cb4c"
              },
              "type": "Query",
              "inputs": {
                "from": "@body('Parse_JSON_-_get_tasks_assigned_to_each_user')",
                "where": "@equals(item()['Complete'], false)"
              }
            },
            "HTTP_-_check_for_existing_tasks_in_L10_Tasks": {
              "runAfter": {
                "Filter_array_-_remove_completed_items_for_each_user": [
                  "Succeeded"
                ]
              },
              "metadata": {
                "operationMetadataId": "6816cde8-0f9f-4c2a-9939-6e059994779b"
              },
              "type": "Http",
              "inputs": {
                "method": "GET",
                "uri": "https://graph.microsoft.com/v1.0/users/@{items('Apply_to_each_-_user_to_run_the_sync_against')?['Title']}/todo/lists/@{items('Apply_to_each_-_user_to_run_the_sync_against')?['L10TasksListID']}/tasks",
                "authentication": {
                  "type": "ActiveDirectoryOAuth",
                  "tenant": "YOUR TENANT ID",
                  "audience": "https://graph.microsoft.com",
                  "clientId": "YOUR CLIENT / APP ID",
                  "secret": "YOUR SECRET"
                }
              }
            },
            "Parse_JSON_-_check_for_existing_tasks_in_L10_Tasks": {
              "runAfter": {
                "HTTP_-_check_for_existing_tasks_in_L10_Tasks": [
                  "Succeeded"
                ]
              },
              "metadata": {
                "operationMetadataId": "479f5fde-0ded-47c7-a2e2-fa632e93b21d"
              },
              "type": "ParseJson",
              "inputs": {
                "content": "@body('HTTP_-_check_for_existing_tasks_in_L10_Tasks')",
                "schema": {
                  "type": "object",
                  "properties": {
                    "value": {
                      "type": "array",
                      "items": {
                        "type": "object",
                        "properties": {
                          "@@odata.etag": {
                            "type": "string"
                          },
                          "importance": {
                            "type": "string"
                          },
                          "isReminderOn": {
                            "type": "boolean"
                          },
                          "status": {
                            "type": "string"
                          },
                          "title": {
                            "type": "string"
                          },
                          "createdDateTime": {
                            "type": "string"
                          },
                          "lastModifiedDateTime": {
                            "type": "string"
                          },
                          "categories": {
                            "type": "array",
                            "items": {
                              "type": "string"
                            }
                          },
                          "id": {
                            "type": "string"
                          },
                          "body": {
                            "type": "object",
                            "properties": {
                              "content": {
                                "type": "string"
                              },
                              "contentType": {
                                "type": "string"
                              }
                            }
                          },
                          "linkedResources": {
                            "type": "array",
                            "items": {
                              "type": "object",
                              "properties": {
                                "applicationName": {
                                  "type": "string"
                                },
                                "displayName": {
                                  "type": "string"
                                },
                                "externalId": {
                                  "type": "string"
                                },
                                "id": {
                                  "type": "string"
                                }
                              },
                              "required": [
                                "applicationName",
                                "displayName",
                                "externalId",
                                "id"
                              ]
                            }
                          }
                        },
                        "required": [
                          "@@odata.etag",
                          "importance",
                          "isReminderOn",
                          "status",
                          "title",
                          "createdDateTime",
                          "lastModifiedDateTime",
                          "id",
                          "body"
                        ]
                      }
                    }
                  }
                }
              }
            },
            "Apply_to_each_-_task_in_L10_Tasks": {
              "foreach": "@body('Filter_array_-_remove_completed_items_for_each_user')",
              "actions": {
                "Condition_-_only_create_if_item_doesn't_already_exist": {
                  "actions": {},
                  "runAfter": {
                    "Filter_array": [
                      "Succeeded"
                    ]
                  },
                  "else": {
                    "actions": {
                      "HTTP_-_create_a_task_in_To_Do": {
                        "runAfter": {},
                        "metadata": {
                          "operationMetadataId": "6816cde8-0f9f-4c2a-9939-6e059994779b"
                        },
                        "type": "Http",
                        "inputs": {
                          "method": "POST",
                          "uri": "https://graph.microsoft.com/v1.0/users/@{items('Apply_to_each_-_user_to_run_the_sync_against')?['Title']}/todo/lists/@{items('Apply_to_each_-_user_to_run_the_sync_against')?['L10TasksListID']}/tasks",
                          "body": {
                            "title": "@{items('Apply_to_each_-_task_in_L10_Tasks')['Name']} (TT@{items('Apply_to_each_-_task_in_L10_Tasks')['Id']})",
                            "dueDateTime": {
                              "dateTime": "@{items('Apply_to_each_-_task_in_L10_Tasks')['DueDate']}",
                              "timeZone": "Australia/Sydney"
                            },
                            "reminderDateTime": {
                              "dateTime": "@{subtractFromTime(items('Apply_to_each_-_task_in_L10_Tasks')['DueDate'], 1, 'Day')}",
                              "timeZone": "Australia/Sydney"
                            },
                            "importance": "high",
                            "body": {
                              "content": "@{items('Apply_to_each_-_task_in_L10_Tasks')['DetailsUrl']}",
                              "contentType": "text"
                            }
                          },
                          "authentication": {
                            "type": "ActiveDirectoryOAuth",
                            "tenant": "YOUR TENANT ID",
                            "audience": "https://graph.microsoft.com",
                            "clientId": "YOUR CLIENT / APP ID",
                            "secret": "YOUR SECRET"
                          }
                        }
                      }
                    }
                  },
                  "expression": {
                    "greater": [
                      "@length(body('Filter_array'))",
                      0
                    ]
                  },
                  "metadata": {
                    "operationMetadataId": "86984419-6661-4530-9b0e-8bbd5c2f01ac"
                  },
                  "type": "If"
                },
                "Compose_-_ID_for_each_task": {
                  "runAfter": {},
                  "metadata": {
                    "operationMetadataId": "d03aa5fe-ccdf-4bab-9f45-4532e1e5fbbb"
                  },
                  "type": "Compose",
                  "inputs": "@string(items('Apply_to_each_-_task_in_L10_Tasks')?['id'])"
                },
                "Filter_array": {
                  "runAfter": {
                    "Compose_-_ID_for_each_task": [
                      "Succeeded"
                    ]
                  },
                  "metadata": {
                    "operationMetadataId": "17cc28d6-c9ba-4c13-969e-21cee691bb3b"
                  },
                  "type": "Query",
                  "inputs": {
                    "from": "@body('Parse_JSON_-_check_for_existing_tasks_in_L10_Tasks')?['value']",
                    "where": "@contains(item()['title'], outputs('Compose_-_ID_for_each_task'))"
                  }
                }
              },
              "runAfter": {
                "Parse_JSON_-_check_for_existing_tasks_in_L10_Tasks": [
                  "Succeeded"
                ]
              },
              "metadata": {
                "operationMetadataId": "1ef87f59-549c-42d4-9c19-16ce8bdd63cf"
              },
              "type": "Foreach"
            }
          },
          "runAfter": {
            "Get_items_-_users_to_run_the_sync_against": [
              "Succeeded"
            ]
          },
          "metadata": {
            "operationMetadataId": "abe4d52f-09f5-4373-9d7b-31197e57948e"
          },
          "type": "Foreach"
        }
      },
      "outputs": {}
    },
    "templateName": ""
  },
  "schemaVersion": "1.0.0.0"
}