{"schemaVersion":"1.0","appDefinitionTemplate":{"id":"/providers/Microsoft.PowerApps/apps/","type":"Microsoft.PowerApps/apps","tags":{"minimumRequiredApiVersion":"2.2.0","sienaVersion":"20210327T113028Z-3.21033.41.0","primaryDeviceWidth":"1229","primaryDeviceHeight":"768","deviceCapabilities":"","supportsPortrait":"false","supportsLandscape":"true","primaryFormFactor":"Tablet","publisherVersion":"3.21033.41","hasComponent":"false","hasUnlockedComponent":"false","isUnifiedRootApp":"false"},"properties":{"appVersion":"2021-03-27T11:30:28Z","lifeCycleId":"Published","createdByClientVersion":{"major":3,"minor":21033,"build":41,"revision":0,"majorRevision":0,"minorRevision":0},"minClientVersion":{"major":3,"minor":21033,"build":41,"revision":0,"majorRevision":0,"minorRevision":0},"backgroundColor":"rgba(0, 176, 240, 1)","backgroundImageUri":"/6785572580428022680/Ne041e61d-dfad-49df-bc94-bb37ab0c85d1-logoSmallFile","displayName":"Home office availability display","description":"Displays the individual's currently calendar appointments (what is on now and next two in the schedule).\nShows start & end times, title, location.\nIcons change whether it is an appointment, meeting, or Teams meeting.","commitMessage":"Added fill conditions for header and divider\nShrunk the Teams logo and made it show with people icon - so it doesn't make a difference what type of meeting it is.","appUris":{"documentUri":{"value":"/6785572580428022680/N688f03be-0a13-42ac-a35a-b4075cc27616-document.msapp"},"imageUris":[]},"createdTime":"0001-01-01T00:00:00Z","lastModifiedTime":"0001-01-01T00:00:00Z","sharedGroupsCount":0,"sharedUsersCount":0,"icons":{"smallIconUri":"/6785572580428022680/Nf5dd4933-2981-4fa1-a10c-7b294f663685-small.png","mediumIconUri":"/6785572580428022680/N1943a0ea-406b-4198-ae80-9ad4708a852a-medium.png","largeIconUri":"/6785572580428022680/N44fd1bf7-4762-4749-a37f-05164f32a854-large.png","wideIconUri":"/6785572580428022680/N81ee1ac9-9180-48b4-bd43-7e582b05d3cb-wide.png"},"connectionReferences":{"7e0456f3-4d0a-4109-a213-a36b81eedb19":{"id":"5eb9c714-1563-4b82-aac8-f33d73309fd4","displayName":"Office 365 Outlook","iconUri":"https://connectoricons-prod.azureedge.net/releases/v1.0.1454/1.0.1454.2370/office365/icon.png","dataSources":["Office365"],"dependencies":[],"dependents":[],"parameterHints":{},"isOnPremiseConnection":false,"bypassConsent":false,"dataSets":{},"apiTier":"Standard","isCustomApiConnection":false,"actions":["CalendarGetTables","GetEventsCalendarViewV2"]}},"databaseReferences":{},"almMode":"Environment","performanceOptimizationEnabled":true,"canConsumeAppPass":true,"executionRestrictions":{"isTeamsOnly":false,"dataLossPreventionEvaluationResult":{"status":"Compliant","lastEvaluationDate":"2021-03-25T01:35:09.6259459Z","violationDetails":[]}}},"isAppComponentLibrary":false,"appType":"ClassicCanvasApp","appComponents":[]}}