{"name":"7806675d-2c34-45d2-82f0-560070c6d23a","id":"/providers/Microsoft.Flow/flows/7806675d-2c34-45d2-82f0-560070c6d23a","type":"Microsoft.Flow/flows","properties":{"apiId":"/providers/Microsoft.PowerApps/apis/shared_logicflows","displayName":"Create To Do task from Teams message","definition":{"metadata":{"workflowEntityId":null,"flowclientsuspensionreason":"None","flowclientsuspensiontime":null,"creator":{"id":"30889eb4-401e-48be-b0d2-008f7ad767ce","type":"User","tenantId":"68fdd756-65ba-4c42-a297-d991d7a1881c"},"provisioningMethod":"FromDefinition","failureAlertSubscription":true,"clientLastModifiedTime":"2021-02-20T22:24:26.2437026Z"},"$schema":"https://schema.management.azure.com/providers/Microsoft.Logic/schemas/2016-06-01/workflowdefinition.json#","contentVersion":"1.0.0.0","parameters":{"$connections":{"defaultValue":{},"type":"Object"},"$authentication":{"defaultValue":{},"type":"SecureObject"}},"triggers":{"manual":{"splitOn":"@triggerBody()['rows']","metadata":{"flowSystemMetadata":{"swaggerOperationId":"ForASelectedMessage","inputsAdaptiveCard":"{\"$schema\":\"http://adaptivecards.io/schemas/adaptive-card.json\",\"type\":\"AdaptiveCard\",\"version\":\"1.2\",\"body\":[{\"type\":\"TextBlock\",\"text\":\"Add a task\",\"weight\":\"Bolder\",\"size\":\"Medium\"},{\"type\":\"TextBlock\",\"text\":\"Title\",\"wrap\":true},{\"type\":\"Input.Text\",\"placeholder\":\"Enter a task name\",\"spacing\":\"None\",\"id\":\"taskTitle\"},{\"text\":\"Due date\",\"type\":\"TextBlock\"},{\"type\":\"Input.Date\",\"spacing\":\"None\",\"id\":\"taskDueDate\"}],\"actions\":[{\"type\":\"Action.Submit\",\"title\":\"Submit\"}],\"-ms-tokens\":{}}"}},"type":"Request","kind":"ApiConnection","inputs":{"schema":{"type":"object","properties":{"rows":{"type":"array","items":{"type":"object","properties":{"entity":{"type":"object","properties":{"cardOutputs":{"type":"object","properties":{"groupID":{"title":"groupID","type":"string"},"planID":{"title":"planID","type":"string"},"taskTitle":{"title":"taskTitle","type":"string"},"taskDueDate":{"title":"taskDueDate","type":"string"}}},"teamsFlowRunContext":{"type":"object","properties":{"from":{"type":"object","properties":{"aadObjectId":{"title":"Originating User ID","type":"string"}},"required":[]},"messagePayload":{"type":"object","properties":{"from":{"type":"object","properties":{"user":{"type":"object","properties":{"displayName":{"title":"Sender User Display Name","type":"string"}},"required":[]}},"required":[]},"body":{"type":"object","properties":{"content":{"title":"Message Content","type":"string"}},"required":[]},"linkToMessage":{"title":"Link to Message","type":"string"}},"required":[]},"locale":{"title":"Locale","type":"string"}}}},"required":["cardOutputs","teamsFlowRunContext"]}},"required":["entity"]}}},"required":["rows"]},"host":{"connection":{"name":"@parameters('$connections')['shared_teams']['connectionId']"},"api":{"runtimeUrl":"https://australia-001.azure-apim.net/apim/teams"}},"operationId":"ForASelectedMessage","parameters":{"inputsAdaptiveCard":"{\"$schema\":\"http://adaptivecards.io/schemas/adaptive-card.json\",\"type\":\"AdaptiveCard\",\"version\":\"1.2\",\"body\":[{\"type\":\"TextBlock\",\"text\":\"Add a task\",\"weight\":\"Bolder\",\"size\":\"Medium\"},{\"type\":\"TextBlock\",\"text\":\"Title\",\"wrap\":true},{\"type\":\"Input.Text\",\"placeholder\":\"Enter a task name\",\"spacing\":\"None\",\"id\":\"taskTitle\"},{\"text\":\"Due date\",\"type\":\"TextBlock\"},{\"type\":\"Input.Date\",\"spacing\":\"None\",\"id\":\"taskDueDate\"}],\"actions\":[{\"type\":\"Action.Submit\",\"title\":\"Submit\"}],\"-ms-tokens\":{}}"}}}},"actions":{"Add_a_to-do_(V3)":{"runAfter":{},"type":"OpenApiConnection","inputs":{"host":{"apiId":"/providers/Microsoft.PowerApps/apis/shared_todo","connectionName":"shared_todo","operationId":"CreateToDoV3"},"parameters":{"folderId":"AAMkADdiYzIwMGQyLTMxODctNGYwNy1iZmQ1LWJlZjcyNjIyYjE3ZAAuAAAAAAB4Ek-yfCCRSajdp1rOzt2TAQBf7pAqxubuRanOC0UZRtrbAAOWESSXAAA=","body/title":"@triggerBody()?['entity']?['cardOutputs']?['taskTitle']","body/dueDateTime/dateTime":"@triggerBody()?['entity']?['cardOutputs']?['taskDueDate']","body/reminderDateTime/dateTime":"@triggerBody()?['entity']?['cardOutputs']?['taskDueDate']","body/importance":"normal","body/status":"notStarted","body/body/content":"<p><strong>From:</strong> @{triggerBody()?['entity']?['teamsFlowRunContext']?['messagePayload']?['from']?['user']?['displayName']}<br>\n<br>\n<strong>Message:</strong> @{triggerBody()?['entity']?['teamsFlowRunContext']?['messagePayload']?['body']?['content']}<br>\n<br>\n<strong>Link to message:</strong> @{triggerBody()?['entity']?['teamsFlowRunContext']?['messagePayload']?['linkToMessage']}</p>","body/isReminderOn":true},"authentication":{"value":"@json(decodeBase64(triggerOutputs().headers['X-MS-APIM-Tokens']))['$ConnectionKey']","type":"Raw"}}}},"description":"Trigger a flow to create a task in Planner from any message in Microsoft Teams.\n\nSimulates the functionality in Outlook where you can turn an email into a task.\n\nYou can read more about it here: https://www.loryanstrant.com/2021/02/19/a-simple-workflow-to-create-a-to-do-task-from-microsoft-teams-messages/"},"connectionReferences":{"shared_teams":{"connectionName":"shared-teams-d5c6b561-babc-4517-9730-52fc7e7079f2","source":"Invoker","id":"/providers/Microsoft.PowerApps/apis/shared_teams","tier":"NotSpecified"},"shared_todo":{"connectionName":"9f8cd9cf41df40d79bbdb99529b0de56","source":"Invoker","id":"/providers/Microsoft.PowerApps/apis/shared_todo","tier":"NotSpecified"}},"flowFailureAlertSubscribed":false}}