{"name":"6d926df2-2b92-438c-90f7-3b21698af91a","id":"/providers/Microsoft.Flow/flows/6d926df2-2b92-438c-90f7-3b21698af91a","type":"Microsoft.Flow/flows","properties":{"apiId":"/providers/Microsoft.PowerApps/apis/shared_logicflows","displayName":"Rename new recording in OneDrive and/or move it to SharePoint","definition":{"metadata":{"workflowEntityId":null,"processAdvisorMetadata":null,"flowChargedByPaygo":null,"flowclientsuspensionreason":"None","flowclientsuspensiontime":null,"flowclientsuspensionreasondetails":null,"creator":{"id":"30889eb4-401e-48be-b0d2-008f7ad767ce","type":"User","tenantId":"68fdd756-65ba-4c42-a297-d991d7a1881c"},"provisioningMethod":"FromDefinition","failureAlertSubscription":true,"clientLastModifiedTime":"2024-10-21T20:18:15.8984444Z","connectionKeySavedTimeKey":"2024-10-21T20:18:15.8984444Z"},"$schema":"https://schema.management.azure.com/providers/Microsoft.Logic/schemas/2016-06-01/workflowdefinition.json#","contentVersion":"1.0.0.0","parameters":{"$authentication":{"defaultValue":{},"type":"SecureObject"},"$connections":{"defaultValue":{},"type":"Object"}},"triggers":{"When_a_file_is_created":{"recurrence":{"interval":3,"frequency":"Minute"},"metadata":{"b!Xgh5PFy72EycXNGJBslFAmwaLEaZn95IiO1dNSCioZUosNG8ygEvQa8df46f8nPv.01PVPU4HAIHZDKI6KY3ZEKQU2QFI4P7SC3":"/Recordings"},"type":"OpenApiConnection","inputs":{"parameters":{"folderId":"b!Xgh5PFy72EycXNGJBslFAmwaLEaZn95IiO1dNSCioZUosNG8ygEvQa8df46f8nPv.01PVPU4HAIHZDKI6KY3ZEKQU2QFI4P7SC3","includeSubfolders":false,"inferContentType":true},"host":{"apiId":"/providers/Microsoft.PowerApps/apis/shared_onedriveforbusiness","connectionName":"shared_onedriveforbusiness","operationId":"OnNewFileV2"},"authentication":"@parameters('$authentication')"}}},"actions":{"Get_my_profile_(V2)":{"runAfter":{},"type":"OpenApiConnection","inputs":{"host":{"apiId":"/providers/Microsoft.PowerApps/apis/shared_office365users","connectionName":"shared_office365users","operationId":"MyProfile_V2"},"authentication":"@parameters('$authentication')"}},"Post_adaptive_card_and_wait_for_a_response_-_ask_if_they_want_to_move_it":{"runAfter":{"Condition_-_if_they_want_to_rename_it":["Succeeded"]},"type":"OpenApiConnectionWebhook","inputs":{"parameters":{"poster":"Flow bot","location":"Chat with Flow bot","body/body/messageBody":"{\n    \"$schema\": \"http://adaptivecards.io/schemas/adaptive-card.json\",\n    \"type\": \"AdaptiveCard\",\n    \"version\": \"1.5\",\n    \"body\": [\n        {\n            \"type\": \"TextBlock\",\n            \"text\": \"Would you like to move the file to a different location?\"\n        },\n        {\n            \"type\": \"ActionSet\",\n            \"actions\": [\n                {\n                    \"type\": \"Action.Submit\",\n                    \"title\": \"Yes\",\n                    \"data\": {\n                        \"action\": \"moveFile\"\n                    }\n                },\n                {\n                    \"type\": \"Action.Submit\",\n                    \"title\": \"No\",\n                    \"data\": {\n                        \"action\": \"noMove\"\n                    }\n                }\n            ]\n        }\n    ]\n}\n","body/body/updateMessage":"Got it, thanks!","body/body/recipient/to":"@outputs('Get_my_profile_(V2)')?['body/mail']"},"host":{"apiId":"/providers/Microsoft.PowerApps/apis/shared_teams","connectionName":"shared_teams","operationId":"PostCardAndWaitForResponse"},"authentication":"@parameters('$authentication')"}},"Condition_-_if_they_want_to_move_the_file":{"actions":{"Post_adaptive_card_and_wait_for_a_response_-_Team_selection":{"type":"OpenApiConnectionWebhook","inputs":{"parameters":{"poster":"Flow bot","location":"Chat with Flow bot","body/body/messageBody":"{\n    \"type\": \"AdaptiveCard\",\n    \"$schema\": \"http://adaptivecards.io/schemas/adaptive-card.json\",\n    \"version\": \"1.5\",\n    \"body\": [\n        {\n            \"type\": \"TextBlock\",\n            \"text\": \"Please select a Team you would like to move the file to\",\n            \"wrap\": true\n        },\n        {\n            \"type\": \"Input.ChoiceSet\",\n            \"id\": \"SelectedTeamID\",\n            \"choices\": @{outputs('Compose_-_sort_Teams_listing_by_display_name')},\n            \"placeholder\": \"Choose a Team\"\n        },\n        {\n            \"type\": \"ActionSet\",\n            \"actions\": [\n                {\n                    \"type\": \"Action.Submit\",\n                    \"title\": \"Select this Team\",\n                    \"data\": {\n                        \"action\": \"SelectTeam\"\n                    }\n                }\n            ]\n        }\n    ]\n}","body/body/updateMessage":"Getting list of folders...","body/body/recipient/to":"@outputs('Get_my_profile_(V2)')?['body/mail']"},"host":{"apiId":"/providers/Microsoft.PowerApps/apis/shared_teams","connectionName":"shared_teams","operationId":"PostCardAndWaitForResponse"},"authentication":"@parameters('$authentication')"}},"Post_adaptive_card_and_wait_for_a_response__-_folder_selection":{"runAfter":{"Scope_-_get_folders_for_the_selected_Team":["Succeeded"]},"type":"OpenApiConnectionWebhook","inputs":{"parameters":{"poster":"Flow bot","location":"Chat with Flow bot","body/body/messageBody":"{\n    \"type\": \"AdaptiveCard\",\n    \"$schema\": \"http://adaptivecards.io/schemas/adaptive-card.json\",\n    \"version\": \"1.5\",\n    \"body\": [\n        {\n            \"type\": \"TextBlock\",\n            \"text\": \"Please select a folder you would like to move the file to\",\n            \"wrap\": true\n        },\n        {\n            \"type\": \"Input.ChoiceSet\",\n            \"id\": \"SelectedFolderPath\",\n            \"choices\": @{outputs('Compose_-_sort_folder_listing_by_display_name')},\n            \"placeholder\": \"Choose a folder\"\n        },\n        {\n            \"type\": \"ActionSet\",\n            \"actions\": [\n                {\n                    \"type\": \"Action.Submit\",\n                    \"title\": \"Select this folder\",\n                    \"data\": {\n                        \"action\": \"SelectFolder\"\n                    }\n                }\n            ]\n        }\n    ]\n}","body/body/updateMessage":"Moving file...","body/body/recipient/to":"@outputs('Get_my_profile_(V2)')?['body/mail']"},"host":{"apiId":"/providers/Microsoft.PowerApps/apis/shared_teams","connectionName":"shared_teams","operationId":"PostCardAndWaitForResponse"},"authentication":"@parameters('$authentication')"}},"Move_file":{"runAfter":{"Post_adaptive_card_and_wait_for_a_response__-_folder_selection":["Succeeded"]},"type":"OpenApiConnection","inputs":{"parameters":{"dataset":"@outputs('Get_my_profile_(V2)')?['body/mySite']","parameters/sourceFileId":"Documents/Recordings/@{variables('FileName')}","parameters/destinationDataset":"@body('Send_an_HTTP_request_V2_-_Get_the_SharePoint_site')['webUrl']","parameters/destinationFolderPath":"@body('Post_adaptive_card_and_wait_for_a_response__-_folder_selection')['data']['SelectedFolderPath']","parameters/nameConflictBehavior":1},"host":{"apiId":"/providers/Microsoft.PowerApps/apis/shared_sharepointonline","connectionName":"shared_sharepointonline","operationId":"MoveFileAsync"},"authentication":"@parameters('$authentication')"}},"Scope_-_get_folders_for_the_selected_Team":{"actions":{"Send_an_HTTP_request_V2_-_Get_the_SharePoint_site":{"type":"OpenApiConnection","inputs":{"parameters":{"Uri":"https://graph.microsoft.com/v1.0/groups/@{body('Post_adaptive_card_and_wait_for_a_response_-_Team_selection')['data']['SelectedTeamID']}/sites/root","Method":"GET","ContentType":"application/json"},"host":{"apiId":"/providers/Microsoft.PowerApps/apis/shared_office365groups","connectionName":"shared_office365groups","operationId":"HttpRequestV2"},"authentication":"@parameters('$authentication')"}},"Send_an_HTTP_request_V2_-_Get_the_SharePoint_drives":{"runAfter":{"Send_an_HTTP_request_V2_-_Get_the_SharePoint_site":["Succeeded"]},"type":"OpenApiConnection","inputs":{"parameters":{"Uri":"https://graph.microsoft.com/v1.0/groups/@{body('Post_adaptive_card_and_wait_for_a_response_-_Team_selection')['data']['SelectedTeamID']}/drive","Method":"GET","ContentType":"application/json"},"host":{"apiId":"/providers/Microsoft.PowerApps/apis/shared_office365groups","connectionName":"shared_office365groups","operationId":"HttpRequestV2"},"authentication":"@parameters('$authentication')"}},"Get_files_(properties_only)_-_folders_only":{"runAfter":{"Send_an_HTTP_request_V2_-_Get_the_SharePoint_drives":["Succeeded"]},"type":"OpenApiConnection","inputs":{"parameters":{"dataset":"@body('Send_an_HTTP_request_V2_-_Get_the_SharePoint_site')['webUrl']","table":"@body('Send_an_HTTP_request_V2_-_Get_the_SharePoint_drives')['name']","$filter":"FSObjType eq 1","viewScopeOption":"Default"},"host":{"apiId":"/providers/Microsoft.PowerApps/apis/shared_sharepointonline","connectionName":"shared_sharepointonline","operationId":"GetFileItems"},"authentication":"@parameters('$authentication')"}},"Select_-_just_driveID_and_name":{"runAfter":{"Get_files_(properties_only)_-_folders_only":["Succeeded"]},"type":"Select","inputs":{"from":"@body('Get_files_(properties_only)_-_folders_only')?['value']","select":{"value":"@{item()['{FullPath}']}","title":"@{item()['{Name}']}"}}},"Compose_-_sort_folder_listing_by_display_name":{"runAfter":{"Select_-_just_driveID_and_name":["Succeeded"]},"type":"Compose","inputs":"@sort(body('Select_-_just_driveID_and_name'),'Title')"}},"runAfter":{"Post_adaptive_card_and_wait_for_a_response_-_Team_selection":["Succeeded"]},"type":"Scope"},"Post_card_in_a_chat_or_channel":{"runAfter":{"Move_file":["Succeeded"]},"type":"OpenApiConnection","inputs":{"parameters":{"poster":"Flow bot","location":"Chat with Flow bot","body/recipient":"@outputs('Get_my_profile_(V2)')?['body/mail']","body/messageBody":"{\n    \"type\": \"AdaptiveCard\",\n    \"$schema\": \"http://adaptivecards.io/schemas/adaptive-card.json\",\n    \"version\": \"1.5\",\n    \"body\": [\n        {\n            \"type\": \"RichTextBlock\",\n            \"inlines\": [\n                {\n                    \"type\": \"TextRun\",\n                    \"text\": \"File successfully moved\",\n                    \"weight\": \"Bolder\"\n                }\n            ]\n        },\n        {\n            \"type\": \"TextBlock\",\n            \"text\": \"If you want to move the file further to a sub-folder within the destination, you can now do so.\",\n            \"wrap\": true\n        }\n    ],\n    \"actions\": [\n        {\n            \"type\": \"Action.OpenUrl\",\n            \"title\": \"Click open the folder where you just moved the file to\",\n            \"url\": \"@{body('Send_an_HTTP_request_V2_-_Get_the_SharePoint_site')['webUrl']}/@{body('Post_adaptive_card_and_wait_for_a_response__-_folder_selection')['data']['SelectedFolderPath']}\"\n        }\n    ]\n}"},"host":{"apiId":"/providers/Microsoft.PowerApps/apis/shared_teams","connectionName":"shared_teams","operationId":"PostCardToConversation"},"authentication":"@parameters('$authentication')"}}},"runAfter":{"Post_adaptive_card_and_wait_for_a_response_-_ask_if_they_want_to_move_it":["Succeeded"]},"else":{"actions":{}},"expression":{"and":[{"equals":["@body('Post_adaptive_card_and_wait_for_a_response_-_ask_if_they_want_to_move_it')['submitActionId']","Yes"]}]},"type":"If"},"Post_adaptive_card_and_wait_for_a_response_-_file_name_options":{"runAfter":{"Scope_-_Get_Teams_and_clean_up_the_list":["Succeeded"]},"type":"OpenApiConnectionWebhook","inputs":{"parameters":{"poster":"Flow bot","location":"Chat with Flow bot","body/body/messageBody":"{\n  \"$schema\": \"https://adaptivecards.io/schemas/adaptive-card.json\",\n  \"type\": \"AdaptiveCard\",\n  \"version\": \"1.5\",\n  \"body\": [\n   {\n      \"type\": \"TextBlock\",\n      \"size\": \"medium\",\n      \"weight\": \"bolder\",\n      \"text\": \"New Teams meeting recording in OneDrive\"\n   },\n   {\n      \"type\": \"TextBlock\",\n      \"text\": \"The name of the recording is: @{triggerOutputs()?['headers/x-ms-file-name-encoded']}\",\n      \"wrap\": true\n    },\n   {\n      \"type\": \"TextBlock\",\n      \"text\": \"Would you like to change the name to something more meaningful?\",\n      \"wrap\": true\n    },\n    {\n      \"type\": \"ActionSet\",\n      \"actions\": [\n        {\n          \"type\": \"Action.ToggleVisibility\",\n          \"title\": \"Yes\",\n          \"targetElements\": [\n            \"renameSection\"\n          ]\n        },\n        {\n          \"type\": \"Action.Submit\",\n          \"title\": \"No\",\n          \"data\": {\n            \"action\": \"noRename\"\n          }\n        }\n      ]\n    },\n    {\n      \"type\": \"Container\",\n      \"id\": \"renameSection\",\n      \"isVisible\": false,\n      \"items\": [\n        {\n          \"type\": \"TextBlock\",\n          \"text\": \"Please enter the new file name below.\",\n          \"wrap\": true\n        },\n        {\n            \"type\": \"RichTextBlock\",\n            \"inlines\": [\n                {\n                    \"type\": \"TextRun\",\n                    \"text\": \"NOTE:\",\n                    \"weight\": \"Bolder\"\n                }\n            ]\n        },\n        {\n            \"type\": \"TextBlock\",\n            \"text\": \"* Make sure a file with the same name doesn't already exist.\",\n            \"wrap\": true\n        },\n        {\n            \"type\": \"TextBlock\",\n            \"text\": \"* Do not use quotations or a file extension (e.g. mp4) in the name.\",\n            \"wrap\": true\n        },\n        {\n          \"type\": \"Input.Text\",\n          \"id\": \"newFileName\",\n          \"placeholder\": \"Enter new file name here\"\n        },\n        {\n          \"type\": \"ActionSet\",\n          \"actions\": [\n            {\n              \"type\": \"Action.Submit\",\n              \"title\": \"Submit\",\n              \"data\": {\n                \"action\": \"submitFileName\"\n              }\n            }\n          ]\n        }\n      ]\n    }\n  ]\n}\n","body/body/updateMessage":"Got it, thanks!","body/body/recipient/to":"@outputs('Get_my_profile_(V2)')?['body/mail']"},"host":{"apiId":"/providers/Microsoft.PowerApps/apis/shared_teams","connectionName":"shared_teams","operationId":"PostCardAndWaitForResponse"},"authentication":"@parameters('$authentication')"}},"Scope_-_Get_Teams_and_clean_up_the_list":{"actions":{"List_teams":{"type":"OpenApiConnection","inputs":{"host":{"apiId":"/providers/Microsoft.PowerApps/apis/shared_teams","connectionName":"shared_teams","operationId":"GetAllTeams"},"authentication":"@parameters('$authentication')"}},"Select_-_just_id_and_displayName_of_the_Teams":{"runAfter":{"List_teams":["Succeeded"]},"type":"Select","inputs":{"from":"@body('List_teams')?['value']","select":{"value":"@item()['id']","title":"@item()['displayName']"}}},"Compose_-_sort_Teams_listing_by_display_name":{"runAfter":{"Select_-_just_id_and_displayName_of_the_Teams":["Succeeded"]},"type":"Compose","inputs":"@sort(body('Select_-_just_id_and_displayName_of_the_Teams'),'Title')"}},"runAfter":{"Initialize_variable_-_FileName":["Succeeded"]},"type":"Scope"},"Initialize_variable_-_FileName":{"runAfter":{"Get_my_profile_(V2)":["Succeeded"]},"type":"InitializeVariable","inputs":{"variables":[{"name":"FileName","type":"string"}]}},"Condition_-_if_they_want_to_rename_it":{"actions":{"Rename_the_file_in_its_current_location":{"type":"OpenApiConnection","inputs":{"parameters":{"id":"@triggerOutputs()?['headers/x-ms-file-id']","destination":"@{outputs('Post_adaptive_card_and_wait_for_a_response_-_file_name_options')?['body/data/newFileName']}.mp4","overwrite":true},"host":{"apiId":"/providers/Microsoft.PowerApps/apis/shared_onedriveforbusiness","connectionName":"shared_onedriveforbusiness","operationId":"MoveFile"},"authentication":"@parameters('$authentication')"}},"Post_card_in_a_chat_or_channel_-_file_renamed":{"runAfter":{"Set_variable_-_FilePath_RENAMED":["Succeeded"]},"type":"OpenApiConnection","inputs":{"parameters":{"poster":"Flow bot","location":"Chat with Flow bot","body/recipient":"@outputs('Get_my_profile_(V2)')?['body/mail']","body/messageBody":"{\n    \"type\": \"AdaptiveCard\",\n    \"$schema\": \"http://adaptivecards.io/schemas/adaptive-card.json\",\n    \"version\": \"1.5\",\n    \"body\": [\n        {\n            \"type\": \"RichTextBlock\",\n            \"inlines\": [\n                {\n                    \"type\": \"TextRun\",\n                    \"text\": \"File successfully renamed\",\n                    \"weight\": \"Bolder\"\n                }\n            ]\n        },\n        {\n            \"type\": \"TextBlock\",\n            \"text\": \"The new name of the file is: @{outputs('Post_adaptive_card_and_wait_for_a_response_-_file_name_options')?['body/data/newFileName']}.mp4\",\n            \"wrap\": true\n        }\n    ],\n    \"actions\": [\n        {\n            \"type\": \"Action.OpenUrl\",\n            \"title\": \"Click here to view your recording folder\",\n            \"url\": \"@{outputs('Get_my_profile_(V2)')?['body/mySite']}/Documents/Recordings\"\n        }\n    ]\n}"},"host":{"apiId":"/providers/Microsoft.PowerApps/apis/shared_teams","connectionName":"shared_teams","operationId":"PostCardToConversation"},"authentication":"@parameters('$authentication')"}},"Set_variable_-_FilePath_RENAMED":{"runAfter":{"Rename_the_file_in_its_current_location":["Succeeded"]},"type":"SetVariable","inputs":{"name":"FileName","value":"@outputs('Rename_the_file_in_its_current_location')?['body/Name']"}}},"runAfter":{"Post_adaptive_card_and_wait_for_a_response_-_file_name_options":["Succeeded"]},"else":{"actions":{"Set_variable_-_FilePath_ORIGINAL":{"type":"SetVariable","inputs":{"name":"FileName","value":"@triggerOutputs()?['headers/x-ms-file-name-encoded']"}}}},"expression":{"and":[{"not":{"equals":["@body('Post_adaptive_card_and_wait_for_a_response_-_file_name_options')['SubmitActionId']","No"]}}]},"type":"If"}},"outputs":{},"description":"When a new recording is created in OneDrive, this workflow will chat with you to determine whether the file should be renamed, moved to SharePoint, or both.\n\nCreated by Loryan Strant (www.loryanstrant.com)"},"connectionReferences":{"shared_onedriveforbusiness":{"connectionName":"shared-onedriveforbu-19f58aef-eef4-43c6-88da-2670167aa418","source":"Embedded","id":"/providers/Microsoft.PowerApps/apis/shared_onedriveforbusiness","tier":"NotSpecified"},"shared_office365users":{"connectionName":"shared-office365user-8d395b06-265d-4d8c-bcc4-fc3658d535cb","source":"Embedded","id":"/providers/Microsoft.PowerApps/apis/shared_office365users","tier":"NotSpecified"},"shared_teams":{"connectionName":"shared-teams-d5c6b561-babc-4517-9730-52fc7e7079f2","source":"Embedded","id":"/providers/Microsoft.PowerApps/apis/shared_teams","tier":"NotSpecified"},"shared_sharepointonline":{"connectionName":"shared-sharepointonl-daff1870-445b-42ae-8c38-593fee6d0657","source":"Embedded","id":"/providers/Microsoft.PowerApps/apis/shared_sharepointonline","tier":"NotSpecified"},"shared_office365groups":{"connectionName":"shared-office365grou-65f480b8-d347-43f6-9277-7c2f2bb4cceb","source":"Embedded","id":"/providers/Microsoft.PowerApps/apis/shared_office365groups","tier":"NotSpecified"}},"flowFailureAlertSubscribed":false,"isManaged":false}}