{"name":"286addd6-f1f9-4104-a9cb-99fb286a399a","id":"/providers/Microsoft.Flow/flows/286addd6-f1f9-4104-a9cb-99fb286a399a","type":"Microsoft.Flow/flows","properties":{"apiId":"/providers/Microsoft.PowerApps/apis/shared_logicflows","displayName":"Scan for text on all SharePoint pages in a tenant","definition":{"metadata":{"workflowEntityId":null,"processAdvisorMetadata":null,"flowChargedByPaygo":null,"flowclientsuspensionreason":"None","flowclientsuspensiontime":null,"flowclientsuspensionreasondetails":null,"creator":{"id":"2268525e-522b-4e68-8f55-a685687a8f11","type":"User","tenantId":"e6fcb01a-f706-4b1b-872b-1e7645d78491"},"provisioningMethod":"FromDefinition","failureAlertSubscription":true,"clientLastModifiedTime":"2023-08-18T00:53:54.4898034Z"},"$schema":"https://schema.management.azure.com/providers/Microsoft.Logic/schemas/2016-06-01/workflowdefinition.json#","contentVersion":"1.0.0.0","parameters":{"$connections":{"defaultValue":{},"type":"Object"},"$authentication":{"defaultValue":{},"type":"SecureObject"}},"triggers":{"manual":{"metadata":{"operationMetadataId":"f009b3af-7f49-4be0-b3ce-0501c64e7b1f"},"type":"Request","kind":"Button","inputs":{"schema":{"type":"object","properties":{"text":{"title":"Tenant ID","type":"string","x-ms-dynamically-added":true,"description":"What is the GUID of the tenant you are scanning?","x-ms-content-hint":"TEXT"},"text_1":{"title":"Client ID","type":"string","x-ms-dynamically-added":true,"description":"What is the application / client ID of the app registration in Entra ID?","x-ms-content-hint":"TEXT"},"text_2":{"title":"Client Secret","type":"string","x-ms-dynamically-added":true,"description":"What is the value of the secret you created in the app registration?","x-ms-content-hint":"TEXT"},"text_3":{"title":"Search text","type":"string","x-ms-dynamically-added":true,"description":"What text are you looking for in the pages?","x-ms-content-hint":"TEXT"},"text_4":{"title":"Tenant domain","type":"string","x-ms-dynamically-added":true,"description":"What is the tenant domain (the bit before .sharepoint.com). For example, loryanstrantisawesome.sharepoint.com would have a tenant domain of \"loryanstrantisawesome\".","x-ms-content-hint":"TEXT"},"text_5":{"title":"File name","type":"string","x-ms-dynamically-added":true,"description":"What should be the name of the file?    NOTE: This will automatically be created as a CSV file, so do NOT put a file extension in the file name.","x-ms-content-hint":"TEXT"},"text_6":{"title":"Site URL","type":"string","x-ms-dynamically-added":true,"description":"Where is this file being stored? Example: https://<YOURTENANTDOMAIN>.sharepoint.com/<TEAMS or SITES>/<SITENAME>    The file will be automatically saved in the default document library.","x-ms-content-hint":"TEXT"}},"required":["text","text_1","text_2","text_3","text_4","text_5","text_6"]}}}},"actions":{"Initialize_variable_-_TenantID":{"runAfter":{"Initialize_variable_-_SiteURL":["Succeeded"]},"metadata":{"operationMetadataId":"c00ddddf-33ca-4d48-8529-acff522b845c"},"type":"InitializeVariable","inputs":{"variables":[{"name":"TenantID","type":"string","value":"@triggerBody()['text']"}]}},"Initialize_variable_-_ClientID":{"runAfter":{"Initialize_variable_-_TenantID":["Succeeded"]},"metadata":{"operationMetadataId":"00ef0c42-b262-4c4c-813e-86a8a85c5da3"},"type":"InitializeVariable","inputs":{"variables":[{"name":"ClientID","type":"string","value":"@triggerBody()['text_1']"}]}},"Initialize_variable_-_ClientSecret":{"runAfter":{"Initialize_variable_-_ClientID":["Succeeded"]},"metadata":{"operationMetadataId":"c90b1f45-ebdb-4336-b632-38715ad5e295"},"type":"InitializeVariable","inputs":{"variables":[{"name":"ClientSecret","type":"string","value":"@triggerBody()['text_2']"}]}},"Initialize_variable_-_PagesWithSpecifiedText":{"runAfter":{"Initialize_variable_-_FileName":["Succeeded"]},"metadata":{"operationMetadataId":"a7724667-c47e-467b-b5ef-b920fabafded"},"type":"InitializeVariable","inputs":{"variables":[{"name":"PagesWithSpecifiedText","type":"array"}]}},"Scope_-_SP_Admin_center":{"actions":{"HTTP_-_Get_lists_in_SP_Admin_center":{"runAfter":{},"metadata":{"operationMetadataId":"22d71f75-b8c5-4dc5-baa5-cab600a86338"},"type":"Http","inputs":{"method":"GET","uri":"https://graph.microsoft.com/v1.0/sites/@{variables('TenantDomain')}-admin.sharepoint.com/lists","authentication":{"type":"ActiveDirectoryOAuth","tenant":"@variables('TenantID')","audience":"https://graph.microsoft.com","clientId":"@variables('ClientID')","secret":"@variables('ClientSecret')"}}},"Parse_JSON_-_Get_lists_in_SP_Admin_center":{"runAfter":{"HTTP_-_Get_lists_in_SP_Admin_center":["Succeeded"]},"metadata":{"operationMetadataId":"b37bacaa-f649-4768-9017-f1298c8ee031"},"type":"ParseJson","inputs":{"content":"@body('HTTP_-_Get_lists_in_SP_Admin_center')","schema":{"type":"object","properties":{"@@odata.context":{"type":"string"},"value":{"type":"array","items":{"type":"object","properties":{"@@odata.etag":{"type":"string"},"createdDateTime":{"type":"string"},"description":{"type":"string"},"eTag":{"type":"string"},"id":{"type":"string"},"lastModifiedDateTime":{"type":"string"},"name":{"type":"string"},"webUrl":{"type":"string"},"displayName":{"type":"string"},"createdBy":{"type":"object","properties":{"user":{"type":"object","properties":{"email":{"type":"string"},"id":{"type":"string"},"displayName":{"type":"string"}}}}},"parentReference":{"type":"object","properties":{"siteId":{"type":"string"}}},"list":{"type":"object","properties":{"contentTypesEnabled":{"type":"boolean"},"hidden":{"type":"boolean"},"template":{"type":"string"}}},"lastModifiedBy":{"type":"object","properties":{"user":{"type":"object","properties":{"displayName":{"type":"string"}}}}}},"required":["@@odata.etag","createdDateTime","description","eTag","id","lastModifiedDateTime","name","webUrl","displayName","createdBy","parentReference","list"]}}}}}}},"runAfter":{"Initialize_variable":["Succeeded"]},"metadata":{"operationMetadataId":"88ccb71a-a1dc-46fa-8a37-42554fbdda9d"},"type":"Scope"},"Scope_-_Get_all_sites_in_the_tenant":{"actions":{"Filter_array_-_isolate_ALL_SITES_list":{"runAfter":{},"metadata":{"operationMetadataId":"e4237db3-b4c7-401a-8a8c-d5c65185eca1"},"type":"Query","inputs":{"from":"@body('Parse_JSON_-_Get_lists_in_SP_Admin_center')?['value']","where":"@equals(item()?['displayName'], 'DO_NOT_DELETE_SPLIST_TENANTADMIN_AGGREGATED_SITECOLLECTIONS')"}},"Compose_-_id_of_the_ALL_SITES_list":{"runAfter":{"Filter_array_-_isolate_ALL_SITES_list":["Succeeded"]},"metadata":{"operationMetadataId":"65c9b4e4-1d5c-450b-8f1f-f0dc960d08d1"},"type":"Compose","inputs":"@body('Filter_array_-_isolate_ALL_SITES_list')[0]['id']"},"HTTP_-_Get_items_in_ALL_SITES_list":{"runAfter":{"Compose_-_id_of_the_ALL_SITES_list":["Succeeded"]},"metadata":{"operationMetadataId":"22d71f75-b8c5-4dc5-baa5-cab600a86338"},"type":"Http","inputs":{"method":"GET","uri":"https://graph.microsoft.com/v1.0/sites/@{variables('TenantDomain')}-admin.sharepoint.com/lists/@{outputs('Compose_-_id_of_the_ALL_SITES_list')}/items?$expand=fields","authentication":{"type":"ActiveDirectoryOAuth","tenant":"@variables('TenantID')","audience":"https://graph.microsoft.com","clientId":"@variables('ClientID')","secret":"@variables('ClientSecret')"}},"runtimeConfiguration":{"paginationPolicy":{"minimumItemCount":100000}}},"Parse_JSON_-_Get_items_in_ALL_SITES_list":{"runAfter":{"HTTP_-_Get_items_in_ALL_SITES_list":["Succeeded"]},"metadata":{"operationMetadataId":"8a627dc6-7625-489b-998f-d7d0ae80317e"},"type":"ParseJson","inputs":{"content":"@body('HTTP_-_Get_items_in_ALL_SITES_list')","schema":{"type":"object","properties":{"@@odata.context":{"type":"string"},"@@odata.nextLink":{"type":"string"},"value":{"type":"array","items":{"type":"object","properties":{"@@odata.etag":{"type":"string"},"createdDateTime":{"type":"string"},"eTag":{"type":"string"},"id":{"type":"string"},"lastModifiedDateTime":{"type":"string"},"webUrl":{"type":"string"},"createdBy":{"type":"object","properties":{"user":{"type":"object","properties":{"displayName":{"type":"string"}}}}},"lastModifiedBy":{"type":"object","properties":{"user":{"type":"object","properties":{"displayName":{"type":"string"}}}}},"parentReference":{"type":"object","properties":{"id":{"type":"string"},"siteId":{"type":"string"}}},"contentType":{"type":"object","properties":{"id":{"type":"string"},"name":{"type":"string"}}},"fields@odata.context":{"type":"string"},"fields":{"type":"object","properties":{"@@odata.etag":{"type":"string"},"Title":{"type":"string"},"AllowGuestUserSignIn":{"type":"boolean"},"ExternalSharing":{"type":"string"},"FileViewedOrEdited":{"type":"integer"},"GroupId":{"type":"string"},"LastActivityOn":{"type":"string"},"NumOfFiles":{"type":"integer"},"PageViews":{"type":"integer"},"PagesVisited":{"type":"integer"},"SiteId":{"type":"string"},"SiteUrl":{"type":"string"},"StorageQuota":{"type":"integer"},"StorageUsed":{"type":"integer"},"TimeCreated":{"type":"string"},"State":{"type":"integer"},"OperationStartTime":{"type":"string"},"HubSiteId":{"type":"string"},"StorageUsedPercentage":{"type":"string"},"TemplateName":{"type":"string"},"SiteOwnerName":{"type":"string"},"CreatedBy":{"type":"string"},"SiteCreationSource":{"type":"string"},"SiteFlags":{"type":"integer"},"RelatedGroupId":{"type":"string"},"ChannelType":{"type":"integer"},"CreatedByEmail":{"type":"string"},"ConditionalAccessPolicy":{"type":"integer"},"WasSegmentApplied":{"type":"boolean"},"ArchiveStatus":{"type":"string"},"id":{"type":"string"},"ContentType":{"type":"string"},"Modified":{"type":"string"},"Created":{"type":"string"},"AuthorLookupId":{"type":"string"},"EditorLookupId":{"type":"string"},"_UIVersionString":{"type":"string"},"Attachments":{"type":"boolean"},"Edit":{"type":"string"},"LinkTitleNoMenu":{"type":"string"},"LinkTitle":{"type":"string"},"ItemChildCount":{"type":"string"},"FolderChildCount":{"type":"string"},"_ComplianceFlags":{"type":"string"},"_ComplianceTag":{"type":"string"},"_ComplianceTagWrittenTime":{"type":"string"},"_ComplianceTagUserId":{"type":"string"}}}},"required":["@@odata.etag","createdDateTime","eTag","id","lastModifiedDateTime","webUrl","createdBy","lastModifiedBy","parentReference","contentType","fields@odata.context","fields"]}}}}}},"Filter_array":{"runAfter":{"Parse_JSON_-_Get_items_in_ALL_SITES_list":["Succeeded"]},"metadata":{"operationMetadataId":"ee1ffa17-579e-4bfe-8b93-86fe2e4e6212"},"type":"Query","inputs":{"from":"@body('Parse_JSON_-_Get_items_in_ALL_SITES_list')?['value']","where":"@equals(item()?['fields']?['SiteUrl'], 'https://rapidcircle1com.sharepoint.com/teams/au')"}}},"runAfter":{"Scope_-_SP_Admin_center":["Succeeded"]},"metadata":{"operationMetadataId":"31a999dc-7ae8-4299-a15c-bfae8065f67c"},"type":"Scope"},"Scope_-_Scan_site_pages_for_the_specified_text":{"actions":{"Apply_to_each":{"foreach":"@body('Parse_JSON_-_Get_items_in_ALL_SITES_list')?['value']","actions":{"HTTP_-_Get_pages_in_the_site":{"runAfter":{},"metadata":{"operationMetadataId":"e8c34123-7790-413a-9412-616bce093d6e"},"type":"Http","inputs":{"method":"GET","uri":"https://graph.microsoft.com/beta/sites/@{substring(items('Apply_to_each')?['fields']?['SiteId'],1,sub(length(items('Apply_to_each')?['fields']?['SiteId']),2))}/pages/microsoft.graph.sitePage?$expand=canvasLayout","authentication":{"type":"ActiveDirectoryOAuth","tenant":"@variables('TenantID')","audience":"https://graph.microsoft.com","clientId":"@variables('ClientID')","secret":"@variables('ClientSecret')"}}},"Compose_-_do_any_pages_have_a_reference_to_the_specified_text":{"runAfter":{"HTTP_-_Get_pages_in_the_site":["Succeeded"]},"metadata":{"operationMetadataId":"8c05bd0a-2b0d-476c-aa06-3c0b7395fb1c"},"type":"Compose","inputs":"@contains(string(body('HTTP_-_Get_pages_in_the_site')), variables('SearchText'))"},"Condition_-_if_a_page_does_have_a_reference_to_the_specified_text":{"actions":{"Parse_JSON_-_Get_pages_on_a_site":{"runAfter":{},"metadata":{"operationMetadataId":"0cb3bd82-41c4-44b6-947b-341819e11872"},"type":"ParseJson","inputs":{"content":"@body('HTTP_-_Get_pages_in_the_site')","schema":{"type":"object","properties":{"@@odata.context":{"type":"string"},"value":{"type":"array","items":{"type":"object","properties":{"@@odata.etag":{"type":"string"},"id":{"type":"string"},"lastModifiedDateTime":{"type":"string"},"webUrl":{"type":"string"},"title":{"type":["string","null"]},"createdBy":{"type":"object","properties":{"user":{"type":"object","properties":{"displayName":{"type":["string","null"]},"email":{"type":["string","null"]}}}}},"lastModifiedBy":{"type":"object","properties":{"user":{"type":"object","properties":{"displayName":{"type":["string","null"]},"email":{"type":["string","null"]}}}}}},"required":["@@odata.etag","id","webUrl"]}}}}}},"Apply_to_each_-_page_on_the_site":{"foreach":"@body('Parse_JSON_-_Get_pages_on_a_site')?['value']","actions":{"HTTP_-_Get_web_parts_for_each_page":{"runAfter":{},"metadata":{"operationMetadataId":"f7e5079b-a11d-4452-becc-a1c21cb76fe9"},"type":"Http","inputs":{"method":"GET","uri":"https://graph.microsoft.com/beta/sites/@{substring(items('Apply_to_each')?['fields']?['SiteId'],1,sub(length(items('Apply_to_each')?['fields']?['SiteId']),2))}/pages/@{items('Apply_to_each_-_page_on_the_site')?['id']}/microsoft.graph.sitePage/webparts","authentication":{"type":"ActiveDirectoryOAuth","tenant":"@variables('TenantID')","audience":"https://graph.microsoft.com","clientId":"@variables('ClientID')","secret":"@variables('ClientSecret')"}}},"Compose_-_does_the_page_contain_the_specified_text":{"runAfter":{"HTTP_-_Get_web_parts_for_each_page":["Succeeded"]},"metadata":{"operationMetadataId":"37d32616-da3c-4985-a364-4445caf82836"},"type":"Compose","inputs":"@contains(string(body('HTTP_-_Get_web_parts_for_each_page')), variables('SearchText'))"},"Condition_-_if_it_does_have_the_specified_text":{"actions":{"Append_to_array_variable_-_PagesWithSpecifiedText":{"runAfter":{},"metadata":{"operationMetadataId":"dc205022-d6e9-4e26-ab19-576dac32e07c"},"type":"AppendToArrayVariable","inputs":{"name":"PagesWithSpecifiedText","value":{"PageName":"@{items('Apply_to_each_-_page_on_the_site')?['title']}","SiteURL":"@{items('Apply_to_each')?['fields']?['SiteUrl']}","PageURL":"@{items('Apply_to_each_-_page_on_the_site')?['webUrl']}","CreatedBy":"@{items('Apply_to_each_-_page_on_the_site')?['createdBy']?['user']?['email']}","LastModifiedBy":"@{items('Apply_to_each_-_page_on_the_site')?['lastModifiedBy']?['user']?['email']}","LastUpdated":"@{items('Apply_to_each_-_page_on_the_site')?['lastModifiedDateTime']}"}}}},"runAfter":{"Compose_-_does_the_page_contain_the_specified_text":["Succeeded"]},"expression":{"equals":["@outputs('Compose_-_does_the_page_contain_the_specified_text')",true]},"metadata":{"operationMetadataId":"da5ef482-039b-40bd-8f8e-25184f2ee234"},"type":"If"}},"runAfter":{"Parse_JSON_-_Get_pages_on_a_site":["Succeeded"]},"metadata":{"operationMetadataId":"8f5fbea6-5573-489d-b70d-23f358619c5d"},"type":"Foreach","runtimeConfiguration":{"concurrency":{"repetitions":50}}}},"runAfter":{"Compose_-_do_any_pages_have_a_reference_to_the_specified_text":["Succeeded"]},"expression":{"equals":["@outputs('Compose_-_do_any_pages_have_a_reference_to_the_specified_text')",true]},"metadata":{"operationMetadataId":"c76ded0a-6657-4296-be59-59fa7d01f91e"},"type":"If"}},"runAfter":{},"metadata":{"operationMetadataId":"8f5fbea6-5573-489d-b70d-23f358619c5d"},"type":"Foreach","runtimeConfiguration":{"concurrency":{"repetitions":50}}}},"runAfter":{"Scope_-_Get_all_sites_in_the_tenant":["Succeeded"]},"metadata":{"operationMetadataId":"a1f45378-55a1-4cca-af56-7150db9f9911"},"type":"Scope"},"Initialize_variable_-_SearchText":{"runAfter":{"Initialize_variable_-_ClientSecret":["Succeeded"]},"metadata":{"operationMetadataId":"871591cc-c7a0-41b1-a4a6-e3b8cb2a8605"},"type":"InitializeVariable","inputs":{"variables":[{"name":"SearchText","type":"string","value":"@triggerBody()['text_3']"}]}},"Initialize_variable_-_TenantDomain":{"runAfter":{"Initialize_variable_-_SearchText":["Succeeded"]},"metadata":{"operationMetadataId":"b619ecb0-a71c-4400-802e-52a864f4437a"},"type":"InitializeVariable","inputs":{"variables":[{"name":"TenantDomain","type":"string","value":"@triggerBody()['text_4']"}]}},"Initialize_variable_-_FileName":{"runAfter":{"Initialize_variable_-_TenantDomain":["Succeeded"]},"metadata":{"operationMetadataId":"6349f600-01d8-40cb-9536-df11f2cdf61b"},"type":"InitializeVariable","inputs":{"variables":[{"name":"FileName","type":"string","value":"@triggerBody()['text_5']"}]}},"Initialize_variable_-_SiteURL":{"runAfter":{},"metadata":{"operationMetadataId":"2f66680e-c895-49c4-bd32-2dac3b9e6626"},"type":"InitializeVariable","inputs":{"variables":[{"name":"SiteURL","type":"string","value":"@triggerBody()['text_6']"}]}},"Condition_-_if_there_are_any_pages_found_with_the_specified_text":{"actions":{"Create_CSV_table":{"runAfter":{},"metadata":{"operationMetadataId":"dbd2d7e2-b7ad-4885-92ab-f66eecf19f3c"},"type":"Table","inputs":{"from":"@variables('PagesWithSpecifiedText')","format":"CSV"}},"Create_file":{"runAfter":{"Create_CSV_table":["Succeeded"]},"metadata":{"operationMetadataId":"09881b95-608d-4680-a1d8-eda552d31623"},"type":"OpenApiConnection","inputs":{"host":{"apiId":"/providers/Microsoft.PowerApps/apis/shared_sharepointonline","connectionName":"shared_sharepointonline","operationId":"CreateFile"},"parameters":{"dataset":"@variables('SiteURL')","folderPath":"/Shared Documents","name":"@{variables('FileName')}.csv","body":"@body('Create_CSV_table')"},"authentication":{"value":"@json(decodeBase64(triggerOutputs().headers['X-MS-APIM-Tokens']))['$ConnectionKey']","type":"Raw"}},"runtimeConfiguration":{"contentTransfer":{"transferMode":"Chunked"}}}},"runAfter":{"Scope_-_Scan_site_pages_for_the_specified_text":["Succeeded","Failed"]},"else":{"actions":{"Terminate":{"runAfter":{},"metadata":{"operationMetadataId":"bfc981a5-5257-45e2-b34f-43383dc54149"},"type":"Terminate","inputs":{"runStatus":"Cancelled"}}}},"expression":{"greater":["@length(variables('PagesWithSpecifiedText'))",0]},"metadata":{"operationMetadataId":"e5653092-2c7c-4eef-86fc-81aadf4f366b"},"type":"If"},"Initialize_variable":{"runAfter":{"Initialize_variable_-_PagesWithSpecifiedText":["Succeeded"]},"metadata":{"operationMetadataId":"0987bf5a-beb3-4819-afe3-2274c34ebd54"},"type":"InitializeVariable","inputs":{"variables":[{"name":"TEMPsites","type":"array"}]}}},"description":"Retrieves all SharePoint site collections from the admin center listing and then queries all pages within each site to see if they contain the specific text you're looking for.\nThe output is then stored as a CSV in the SharePoint site of your choosing.\n\nCreated by Loryan Strant"},"connectionReferences":{"shared_sharepointonline":{"connectionName":"d08bb786c8a8490983da028ebb63d55a","source":"Invoker","id":"/providers/Microsoft.PowerApps/apis/shared_sharepointonline","tier":"NotSpecified"}},"flowFailureAlertSubscribed":false,"isManaged":false}}