{"name":"6af8258b-3954-47c3-b298-fc86656e7aaa","id":"/providers/Microsoft.Flow/flows/6af8258b-3954-47c3-b298-fc86656e7aaa","type":"Microsoft.Flow/flows","properties":{"apiId":"/providers/Microsoft.PowerApps/apis/shared_logicflows","displayName":"My Power Platform - Generate list of apps and flows","definition":{"metadata":{"workflowEntityId":null,"processAdvisorMetadata":null,"flowChargedByPaygo":null,"flowclientsuspensionreason":"None","flowclientsuspensiontime":null,"flowclientsuspensionreasondetails":null,"creator":{"id":"2268525e-522b-4e68-8f55-a685687a8f11","type":"User","tenantId":"e6fcb01a-f706-4b1b-872b-1e7645d78491"},"provisioningMethod":"FromDefinition","failureAlertSubscription":true,"clientLastModifiedTime":"2023-06-14T23:51:14.3830332Z"},"$schema":"https://schema.management.azure.com/providers/Microsoft.Logic/schemas/2016-06-01/workflowdefinition.json#","contentVersion":"1.0.0.0","parameters":{"$connections":{"defaultValue":{},"type":"Object"},"$authentication":{"defaultValue":{},"type":"SecureObject"}},"triggers":{"Recurrence":{"recurrence":{"frequency":"Day","interval":1,"timeZone":"AUS Eastern Standard Time","schedule":{"hours":["1"],"minutes":[0]}},"metadata":{"operationMetadataId":"a4dbcc68-448b-4f8f-9815-922497165838"},"type":"Recurrence"}},"actions":{"Initialize_variable_-_SiteURL":{"runAfter":{},"metadata":{"operationMetadataId":"c3fa8590-9e20-42d2-b0e1-967bb3aa49f5"},"type":"InitializeVariable","inputs":{"variables":[{"name":"SiteURL","type":"string","value":"https://rapidcircle1com-my.sharepoint.com/personal/loryan_strant_rapidcircle_com"}]}},"Initialize_variable_-_ListName":{"runAfter":{"Initialize_variable_-_SiteURL":["Succeeded"]},"metadata":{"operationMetadataId":"0d6ad8a3-ed61-4e4b-a7cd-168f3b0c3151"},"type":"InitializeVariable","inputs":{"variables":[{"name":"ListName","type":"string","value":"MyPowerPlatform"}]}},"Get_my_profile_(V2)":{"runAfter":{"Initialize_variable_-_ListName":["Succeeded"]},"metadata":{"operationMetadataId":"08e60862-e5ce-4f15-bf35-b49756c1a320"},"type":"OpenApiConnection","inputs":{"host":{"apiId":"/providers/Microsoft.PowerApps/apis/shared_office365users","connectionName":"shared_office365users_1","operationId":"MyProfile_V2"},"parameters":{"$select":"id"},"authentication":"@parameters('$authentication')"}},"Scope_-_remove_existing_items":{"actions":{"Get_items":{"runAfter":{},"metadata":{"operationMetadataId":"0351b276-0b4f-4403-9423-b65ff9e46966"},"type":"OpenApiConnection","inputs":{"host":{"apiId":"/providers/Microsoft.PowerApps/apis/shared_sharepointonline","connectionName":"shared_sharepointonline_1","operationId":"GetItems"},"parameters":{"dataset":"@variables('SiteURL')","table":"@variables('ListName')"},"authentication":"@parameters('$authentication')"},"runtimeConfiguration":{"paginationPolicy":{"minimumItemCount":5000}}},"Apply_to_each_-_delete_each_item":{"foreach":"@outputs('Get_items')?['body/value']","actions":{"Delete_item":{"runAfter":{},"metadata":{"operationMetadataId":"924799b3-172c-4e46-9439-0a46f44a9418"},"type":"OpenApiConnection","inputs":{"host":{"apiId":"/providers/Microsoft.PowerApps/apis/shared_sharepointonline","connectionName":"shared_sharepointonline_1","operationId":"DeleteItem"},"parameters":{"dataset":"@variables('SiteURL')","table":"@variables('ListName')","id":"@items('Apply_to_each_-_delete_each_item')?['ID']"},"authentication":"@parameters('$authentication')"}}},"runAfter":{"Get_items":["Succeeded"]},"metadata":{"operationMetadataId":"38f114f2-3844-45e6-b161-c67589e789e4"},"type":"Foreach","runtimeConfiguration":{"concurrency":{"repetitions":50}}}},"runAfter":{"Get_my_profile_(V2)":["Succeeded"]},"metadata":{"operationMetadataId":"a20df7c7-4508-485d-957d-ed340f68c659"},"type":"Scope"},"Scope_-_get_all_my_Flows":{"actions":{"List_My_Environments":{"runAfter":{},"metadata":{"operationMetadataId":"a9641c1f-f18f-4827-b6bf-f281a67b379e"},"type":"OpenApiConnection","inputs":{"host":{"apiId":"/providers/Microsoft.PowerApps/apis/shared_flowmanagement","connectionName":"shared_flowmanagement_1","operationId":"ListUserEnvironments"},"parameters":{},"authentication":"@parameters('$authentication')"}},"Apply_to_each_-_environment":{"foreach":"@outputs('List_My_Environments')?['body/value']","actions":{"List_My_Flows":{"runAfter":{},"metadata":{"operationMetadataId":"e59520db-92c4-42e6-b053-fcc38f4fdb85"},"type":"OpenApiConnection","inputs":{"host":{"apiId":"/providers/Microsoft.PowerApps/apis/shared_flowmanagement","connectionName":"shared_flowmanagement_1","operationId":"ListMyFlows"},"parameters":{"environmentName":"@items('Apply_to_each_-_environment')?['name']"},"authentication":"@parameters('$authentication')"},"runtimeConfiguration":{"paginationPolicy":{"minimumItemCount":5000}}},"Condition_-_if_there_are_any_items":{"actions":{"Apply_to_each_-_flow":{"foreach":"@outputs('List_My_Flows')?['body/value']","actions":{"Create_item_-_Flow":{"runAfter":{},"metadata":{"operationMetadataId":"8bec1ec6-fb87-44a9-aba4-e81e334ee29b"},"type":"OpenApiConnection","inputs":{"host":{"apiId":"/providers/Microsoft.PowerApps/apis/shared_sharepointonline","connectionName":"shared_sharepointonline_1","operationId":"PostItem"},"parameters":{"dataset":"@variables('SiteURL')","table":"@variables('ListName')","item":{"Title":"@{items('Apply_to_each_-_flow')?['name']}","ObjectName":"@{items('Apply_to_each_-_flow')?['properties/displayName']}","ObjectCreated":"@{items('Apply_to_each_-_flow')?['properties/createdTime']}","ObjectModified":"@{items('Apply_to_each_-_flow')?['properties/lastModifiedTime']}","ObjectLink":"@{replace(item()?['id'], '/providers/Microsoft.Flow', 'http://make.powerautomate.com')}/details","ObjectType":"Flow","EnvironmentName":"@{items('Apply_to_each_-_environment')?['properties/displayName']}"}},"authentication":"@parameters('$authentication')"}}},"runAfter":{},"metadata":{"operationMetadataId":"73594e19-c835-40e5-94bd-6de7364a7a63"},"type":"Foreach"}},"runAfter":{"List_My_Flows":["Succeeded"]},"expression":{"greater":["@length(outputs('List_My_Flows')?['body/value'])",0]},"metadata":{"operationMetadataId":"62772e2f-b2c3-4fe4-bf0c-8a4623962c9a"},"type":"If"}},"runAfter":{"List_My_Environments":["Succeeded"]},"metadata":{"operationMetadataId":"cc0c1e8c-9130-4b2a-8ca0-d9f852358d5a"},"type":"Foreach"}},"runAfter":{"Scope_-_remove_existing_items":["Succeeded"]},"metadata":{"operationMetadataId":"6de5d0b5-40b6-4e10-aadb-0a3b2d359bac"},"type":"Scope"},"Scope_-_get_all_my_Apps":{"actions":{"Get_Environments":{"runAfter":{},"metadata":{"operationMetadataId":"a0d55fdd-56b2-4a3a-9236-a043d3f645fc"},"type":"OpenApiConnection","inputs":{"host":{"apiId":"/providers/Microsoft.PowerApps/apis/shared_powerappsforappmakers","connectionName":"shared_powerappsforappmakers_1","operationId":"Get-Environments"},"parameters":{"api-version":"2016-11-01","$top":250},"authentication":"@parameters('$authentication')"}},"Apply_to_each_-_Power_Apps_environments":{"foreach":"@outputs('Get_Environments')?['body/value']","actions":{"Get_Apps_from_each_environment":{"runAfter":{},"metadata":{"operationMetadataId":"fa4fd750-8496-4d4d-8a6d-24f196aab88e"},"type":"OpenApiConnection","inputs":{"host":{"apiId":"/providers/Microsoft.PowerApps/apis/shared_powerappsforappmakers","connectionName":"shared_powerappsforappmakers_1","operationId":"Get-Apps"},"parameters":{"api-version":"2016-11-01","$filter":"environment eq '@{items('Apply_to_each_-_Power_Apps_environments')?['name']}'","$top":1000},"authentication":"@parameters('$authentication')"}},"Filter_array_-_where_I_am_the_owner":{"runAfter":{"Get_Apps_from_each_environment":["Succeeded"]},"metadata":{"operationMetadataId":"deb92807-3d40-4511-b78b-8ab0bcb39204"},"type":"Query","inputs":{"from":"@outputs('Get_Apps_from_each_environment')?['body/value']","where":"@equals(item()?['properties/owner/id'], outputs('Get_my_profile_(V2)')?['body/id'])"}},"Apply_to_each_-_App":{"foreach":"@body('Filter_array_-_where_I_am_the_owner')","actions":{"Create_item_-_App":{"runAfter":{},"metadata":{"operationMetadataId":"c69d7fde-824f-4a82-abff-da3accb9e2ae"},"type":"OpenApiConnection","inputs":{"host":{"apiId":"/providers/Microsoft.PowerApps/apis/shared_sharepointonline","connectionName":"shared_sharepointonline_1","operationId":"PostItem"},"parameters":{"dataset":"@variables('SiteURL')","table":"@variables('ListName')","item":{"Title":"@{items('Apply_to_each_-_app')?['name']}","ObjectName":"@{items('Apply_to_each_-_app')?['properties/displayName']}","ObjectCreated":"@{items('Apply_to_each_-_app')?['properties/createdTime']}","ObjectModified":"@{items('Apply_to_each_-_app')?['properties/lastModifiedTime']}","ObjectLink":"https://make.powerapps.com/environments/@{items('Apply_to_each_-_app')?['properties/environment/name']}/apps/@{items('Apply_to_each_-_app')?['name']}/details","ObjectType":"App","EnvironmentName":"@{items('Apply_to_each_-_Power_Apps_environments')?['properties/linkedEnvironmentMetadata/friendlyName']}"}},"authentication":"@parameters('$authentication')"}}},"runAfter":{"Filter_array_-_where_I_am_the_owner":["Succeeded"]},"metadata":{"operationMetadataId":"9f4f5326-80f9-4065-b81b-ca1b3d21c4c6"},"type":"Foreach"}},"runAfter":{"Get_Environments":["Succeeded"]},"metadata":{"operationMetadataId":"88b41d4d-ffd0-46bd-a16d-47826d18fc16"},"type":"Foreach"}},"runAfter":{"Scope_-_remove_existing_items":["Succeeded"]},"metadata":{"operationMetadataId":"c1373180-c6c4-4069-a746-689c7e68b12a"},"type":"Scope"}},"outputs":{},"description":"Runs every night to automatically re-generate a list (stored in your OneDrive) with all of the apps and flows you are an owner of, providing: name, environment name, created date, modified date, link to details pane.\nCreated by Loryan Strant (https://www.loryanstrant.com)"},"connectionReferences":{"shared_office365users_1":{"connectionName":"492e45a7bcd44299bf51fcb7e4f2608d","source":"Embedded","id":"/providers/Microsoft.PowerApps/apis/shared_office365users","tier":"NotSpecified"},"shared_sharepointonline_1":{"connectionName":"d08bb786c8a8490983da028ebb63d55a","source":"Embedded","id":"/providers/Microsoft.PowerApps/apis/shared_sharepointonline","tier":"NotSpecified"},"shared_flowmanagement_1":{"connectionName":"shared-flowmanagemen-28bc3bab-132e-4c9a-91a9-b8b8-4c442004","source":"Embedded","id":"/providers/Microsoft.PowerApps/apis/shared_flowmanagement","tier":"NotSpecified"},"shared_powerappsforappmakers_1":{"connectionName":"shared-powerappsfora-3927d965-6e21-4c70-8445-4b3e1ac5de6d","source":"Embedded","id":"/providers/Microsoft.PowerApps/apis/shared_powerappsforappmakers","tier":"NotSpecified"}},"flowFailureAlertSubscribed":false,"isManaged":false}}