{
  "properties": {
    "connectionReferences": {
      "shared_commondataserviceforapps_1": {
        "runtimeSource": "embedded",
        "connection": {
          "connectionReferenceLogicalName": "ls_PIMElevationsReporterDataverse"
        },
        "api": {
          "name": "shared_commondataserviceforapps"
        }
      }
    },
    "definition": {
      "$schema": "https://schema.management.azure.com/providers/Microsoft.Logic/schemas/2016-06-01/workflowdefinition.json#",
      "contentVersion": "1.0.0.0",
      "parameters": {
        "$connections": {
          "defaultValue": {},
          "type": "Object"
        },
        "$authentication": {
          "defaultValue": {},
          "type": "SecureObject"
        },
        "PIM Elevations Reporter - Tenant ID (ls_PIMElevationsReporterTenantID)": {
          "defaultValue": "e6fcb01a-f706-4b1b-872b-1e7645d78491",
          "type": "String",
          "metadata": {
            "schemaName": "ls_PIMElevationsReporterTenantID"
          }
        },
        "PIM Elevations Reporter - Client ID (ls_PIMElevationsReporterClientID)": {
          "defaultValue": "6e8ff188-4eed-4adf-98b2-4d9246eee792",
          "type": "String",
          "metadata": {
            "schemaName": "ls_PIMElevationsReporterClientID"
          }
        },
        "PIM Elevations Reporter - Secret (ls_PIMElevationsReporterSecret)": {
          "defaultValue": "j-o8Q~avI1F5riDYbKqB65pgaZp0m~Th1s1~3aAq",
          "type": "String",
          "metadata": {
            "schemaName": "ls_PIMElevationsReporterSecret"
          }
        }
      },
      "triggers": {
        "Recurrence": {
          "recurrence": {
            "frequency": "Day",
            "interval": 1,
            "timeZone": "UTC",
            "schedule": {
              "hours": [
                "0"
              ],
              "minutes": [
                0
              ]
            }
          },
          "metadata": {
            "operationMetadataId": "91fa1b89-782b-467e-89aa-4118aac0d9b1"
          },
          "type": "Recurrence"
        }
      },
      "actions": {
        "Get_past_time": {
          "runAfter": {},
          "metadata": {
            "operationMetadataId": "3724c377-2fe5-47e5-9de9-a523d4cd776d"
          },
          "type": "Expression",
          "kind": "GetPastTime",
          "inputs": {
            "interval": 1,
            "timeUnit": "Day"
          }
        },
        "HTTP_-_Retrieve_Elevations": {
          "runAfter": {
            "Get_past_time": [
              "Succeeded"
            ]
          },
          "metadata": {
            "operationMetadataId": "bcfde08f-d6fd-4e38-9946-041a4b0ff208"
          },
          "type": "Http",
          "inputs": {
            "method": "GET",
            "uri": "https://graph.microsoft.com/v1.0/roleManagement/directory/roleAssignmentScheduleRequests?$filter=createdDateTime%20ge%20@{body('Get_past_time')}&$expand=roleDefinition,principal",
            "authentication": {
              "type": "ActiveDirectoryOAuth",
              "tenant": "@parameters('PIM Elevations Reporter - Tenant ID (ls_PIMElevationsReporterTenantID)')",
              "audience": "https://graph.microsoft.com",
              "clientId": "@parameters('PIM Elevations Reporter - Client ID (ls_PIMElevationsReporterClientID)')",
              "secret": "@parameters('PIM Elevations Reporter - Secret (ls_PIMElevationsReporterSecret)')"
            }
          }
        },
        "Apply_to_each_-_Elevation": {
          "foreach": "@body('HTTP_-_Retrieve_Elevations')['value']",
          "actions": {
            "Add_a_new_row": {
              "runAfter": {},
              "metadata": {
                "operationMetadataId": "1f4e0835-a291-49c8-bf44-8174cb2e7202"
              },
              "type": "OpenApiConnection",
              "inputs": {
                "host": {
                  "connectionName": "shared_commondataserviceforapps_1",
                  "operationId": "CreateRecord",
                  "apiId": "/providers/Microsoft.PowerApps/apis/shared_commondataserviceforapps"
                },
                "parameters": {
                  "entityName": "ls_elevationshistories",
                  "item/ls_elevationid": "@items('Apply_to_each_-_Elevation')?['id']",
                  "item/ls_elevationjson": "@items('Apply_to_each_-_Elevation')"
                },
                "authentication": "@parameters('$authentication')"
              }
            }
          },
          "runAfter": {
            "HTTP_-_Retrieve_Elevations": [
              "Succeeded"
            ]
          },
          "metadata": {
            "operationMetadataId": "902c4312-b44b-48dc-aa91-940459a5143f"
          },
          "type": "Foreach",
          "runtimeConfiguration": {
            "concurrency": {
              "repetitions": 50
            }
          }
        }
      }
    },
    "templateName": ""
  },
  "schemaVersion": "1.0.0.0"
}